"","LocationAbbr","Income","perc_strength","propstrength","adjstrength","perc_cardio","propcardio","adjcardio","perc_obese","prop_obese","adjobese","perc_excer","prop_excer","adjexcer","perc_fruit","prop_fruit","adjfruit","perc_veg","prop_veg","adjveg","vrich","region"
"1","AK","$15,000 - $24,999",38.6,0.132171387,5.101815541,51.7,0.130627306,6.753431734,31,0.138948117,4.307391613,24.8,0.129297459,3.206576981,43.5,0.131796903,5.733165286,27.5,0.132165024,3.634538153,0,"Western"
"2","AK","$25,000 - $34,999",30.7,0.09513435,2.920624546,55.8,0.093726937,5.2299631,26,0.095593461,2.485429993,25.8,0.094170404,2.429596413,42.2,0.096867123,4.087792582,17.3,0.094925155,1.642205184,0,"Western"
"3","AK","$35,000 - $49,999",34.6,0.131445171,4.548002905,59.6,0.131734317,7.851365314,31.7,0.130774698,4.145557925,22.8,0.131539611,2.999103139,45.1,0.133237306,6.009002521,15.9,0.13253012,2.107228916,0,"Western"
"4","AK","$50,000 - $74,999",31.5,0.181554103,5.718954248,59.1,0.183394834,10.83863469,29,0.181947406,5.276474769,23.9,0.182735426,4.367376682,38,0.180770616,6.869283399,14.6,0.181087988,2.643884629,0,"Western"
"5","AK","$75,000 or greater",35.4,0.459694989,16.27320261,63.9,0.460516605,29.42701107,30.8,0.452736318,13.94427861,26.6,0.4622571,12.29603886,35.9,0.457328052,16.41807706,15.3,0.459291712,7.027163198,1,"Western"
"6","AL","$15,000 - $24,999",21,0.24905057,5.230061963,39.3,0.247311828,9.719354839,39.3,0.252178966,9.910633353,11.7,0.248261759,2.904662577,50.3,0.245954046,12.37148851,34.2,0.245325203,8.390121951,0,"South"
"7","AL","$25,000 - $34,999",23.9,0.129722167,3.100359784,43.1,0.130046663,5.605011158,38.8,0.13228743,5.132752276,15.5,0.129652352,2.009611452,53.6,0.128271728,6.875364635,30.5,0.128658537,3.924085366,0,"South"
"8","AL","$35,000 - $49,999",28.6,0.165100939,4.721886868,44.2,0.163319132,7.21870562,36.5,0.163277164,5.959616502,18.9,0.163599182,3.09202454,45.1,0.164835165,7.434065934,25.2,0.164837398,4.153902439,0,"South"
"9","AL","$50,000 - $74,999",29.9,0.176094343,5.265220867,49.2,0.176709272,8.694096166,34.6,0.175866744,6.084989347,21.9,0.176687117,3.869447853,45.1,0.178221778,8.037802198,18.7,0.178658537,3.340914634,0,"South"
"10","AL","$75,000 or greater",31.8,0.280031981,8.90501699,51.3,0.282613106,14.49805234,32.7,0.276389696,9.037943056,22.1,0.281799591,6.227770961,44.7,0.282717283,12.63746254,18.8,0.282520325,5.311382114,1,"South"
"11","AR","$15,000 - $24,999",21.3,0.245984252,5.239464567,37.4,0.244365744,9.139278815,32.6,0.242487981,7.905108173,12.3,0.245276873,3.016905537,53.3,0.241658871,12.88041784,33.9,0.241761724,8.195722433,0,"South"
"12","AR","$25,000 - $34,999",16.7,0.15023622,2.508944882,34.1,0.149066323,5.083161623,32.5,0.154747596,5.029296875,11.2,0.148859935,1.66723127,57.5,0.151543499,8.713751169,28.1,0.151140684,4.247053232,0,"South"
"13","AR","$35,000 - $49,999",31.3,0.183307087,5.737511811,49,0.182549903,8.944945267,37.3,0.181790865,6.780799279,16.9,0.182410423,3.082736156,50.1,0.183037106,9.170159027,23.4,0.182826362,4.278136882,0,"South"
"14","AR","$50,000 - $74,999",28.4,0.168188976,4.776566929,48.4,0.169349646,8.196522859,36.7,0.169170673,6.208563702,18.9,0.169055375,3.19514658,44.2,0.169317119,7.483816651,28.7,0.169518378,4.86517744,0,"South"
"15","AR","$75,000 or greater",29.5,0.252283465,7.442362205,55.4,0.254668384,14.10862846,30,0.251802885,7.554086538,21.1,0.254397394,5.367785016,44.9,0.254443405,11.42450889,20.1,0.254752852,5.120532319,1,"South"
"16","AZ","$15,000 - $24,999",27.2,0.196808511,5.353191489,46.9,0.196432151,9.212667869,33.5,0.197793838,6.626093572,17.9,0.195413961,3.497909903,43.3,0.196807475,8.521763675,22.4,0.195160651,4.371598572,0,"Western"
"17","AZ","$25,000 - $34,999",26.2,0.118597321,3.107249803,52.3,0.119262377,6.237422329,28,0.120007607,3.360213009,19.7,0.118912338,2.342573052,40.1,0.118162352,4.738310298,18.9,0.118008727,2.230364935,0,"Western"
"18","AZ","$35,000 - $49,999",34.6,0.171394799,5.930260047,52.8,0.171176588,9.038123873,28.4,0.173069608,4.915176873,24.4,0.170251623,4.15413961,38.1,0.172279541,6.563850496,21.3,0.170170567,3.624633082,0,"Western"
"19","AZ","$50,000 - $74,999",32.8,0.174940898,5.738061466,57.5,0.177189818,10.18841451,30.5,0.174210727,5.313427159,20.9,0.177556818,3.7109375,37.8,0.175004867,6.61518396,20.7,0.177310591,3.670329234,0,"Western"
"20","AZ","$75,000 or greater",37.5,0.338258471,12.68469267,60.8,0.335939066,20.42509521,24.8,0.33491822,8.305971852,27.2,0.33786526,9.189935065,35.3,0.337745766,11.92242554,15.9,0.339349464,5.395656486,1,"Western"
"21","CA","$15,000 - $24,999",28.4,0.157730284,4.479540057,50.7,0.15655995,7.937589454,28.5,0.157417103,4.486387435,18.8,0.15696939,2.951024538,34.5,0.159093663,5.48873137,20.8,0.158953474,3.30623226,0,"Western"
"22","CA","$25,000 - $34,999",31.2,0.11336083,3.536857893,52.8,0.114124294,6.025762712,30.2,0.113205352,3.418801629,21,0.113837592,2.390589426,36.6,0.112928632,4.133187932,20.7,0.112550907,2.329803776,0,"Western"
"23","CA","$35,000 - $49,999",34.6,0.13535808,4.683389576,55.3,0.135467671,7.49136221,27.4,0.134729494,3.691588133,23.2,0.135213762,3.136959271,36.9,0.135950563,5.016575791,21.5,0.135258546,2.908058744,0,"Western"
"24","CA","$50,000 - $74,999",34.5,0.156355456,5.394263217,57.8,0.156936598,9.070935342,25.4,0.158347877,4.022036067,23.2,0.156589932,3.632886415,36.3,0.156064461,5.665139949,17.9,0.156115019,2.794458842,0,"Western"
"25","CA","$75,000 or greater",38.6,0.437195351,16.87574053,64.6,0.436911488,28.22448211,19.1,0.436300175,8.333333333,28.1,0.437389325,12.29064002,33.8,0.43596268,14.73553859,13.1,0.437122054,5.726298902,1,"Western"
"26","CO","$15,000 - $24,999",29.6,0.152757978,4.521636144,55.7,0.152263374,8.481069959,22.5,0.154076987,3.466732202,22.1,0.151059773,3.338420994,38.8,0.154680991,6.001622451,24.4,0.153300055,3.740521353,0,"Western"
"27","CO","$25,000 - $34,999",31.6,0.108674197,3.434104617,55.4,0.109220331,6.050806362,23.7,0.108754139,2.577473096,21.5,0.108893125,2.341202198,38.6,0.107761456,4.159592195,21.3,0.108485857,2.310748752,0,"Western"
"28","CO","$35,000 - $49,999",34.8,0.160982564,5.602193223,58,0.161717273,9.379601824,21.5,0.159561258,3.430567053,25.6,0.161040709,4.122642144,36.9,0.162464372,5.994935321,16.3,0.161397671,2.63078203,0,"Western"
"29","CO","$50,000 - $74,999",34.7,0.186314289,6.465105823,63.5,0.186186186,11.82282282,21.9,0.183671358,4.022402732,25.6,0.186721992,4.780082988,34.2,0.184718264,6.317364613,15.6,0.185690516,2.896772047,0,"Western"
"30","CO","$75,000 or greater",41.6,0.391270973,16.27687246,69.1,0.390612835,26.9913469,17.4,0.393936258,6.854490894,32.5,0.392284401,12.74924302,33.1,0.390374918,12.92140978,12,0.391125901,4.693510815,1,"Western"
"31","CT","$15,000 - $24,999",26.9,0.140427165,3.777490728,45.2,0.139335755,6.297976129,32.1,0.143634385,4.610663765,16.9,0.139194139,2.352380952,39,0.140713655,5.487832556,25.1,0.139941319,3.512527108,0,"Northeast"
"32","CT","$25,000 - $34,999",25.5,0.090037089,2.295945773,47.3,0.090036326,4.258718215,29.1,0.091645508,2.666884295,17.1,0.089481947,1.530141287,36.9,0.089522128,3.303366536,18.1,0.089424672,1.618586554,0,"Northeast"
"33","CT","$35,000 - $49,999",24.4,0.122138381,2.980176493,52.7,0.122470161,6.454177478,27.7,0.124047878,3.436126224,18,0.122056515,2.197017268,36,0.121422267,4.371201614,22,0.121826764,2.6801888,0,"Northeast"
"34","CT","$50,000 - $74,999",31,0.161145927,4.995523724,57.8,0.160742086,9.290892579,25.2,0.161890944,4.079651795,21,0.160779696,3.376373626,36.8,0.162274619,5.971705964,19.9,0.161882893,3.221469575,0,"Northeast"
"35","CT","$75,000 or greater",36.7,0.486251439,17.8454278,61.6,0.487415672,30.0248054,22.6,0.478781284,10.82045702,25.7,0.488487703,12.55413396,31.3,0.486067331,15.21390745,12.5,0.486924353,6.086554407,1,"Northeast"
"36","DC","$15,000 - $24,999",24,0.129875195,3.11700468,59.8,0.127540853,7.626943005,30.3,0.135105205,4.093687708,20.3,0.126260589,2.563089956,43.7,0.12901976,5.638163503,30.5,0.130775255,3.988645262,0,"Northeast"
"37","DC","$25,000 - $34,999",28.6,0.079173167,2.264352574,57.7,0.077321642,4.461458749,19.8,0.086009598,1.702990033,23.7,0.077047196,1.826018556,37.5,0.080201472,3.007555211,27.9,0.079483164,2.217580266,0,"Northeast"
"38","DC","$35,000 - $49,999",33.6,0.103354134,3.472698908,57.7,0.103228378,5.956277401,27.8,0.104466593,2.904171281,25,0.102864058,2.571601452,48.8,0.103060829,5.029368462,20.8,0.101801096,2.117462803,0,"Northeast"
"39","DC","$50,000 - $74,999",37.9,0.130655226,4.951833073,50.5,0.133120765,6.722598645,23.9,0.133259505,3.184902178,13.8,0.131504639,1.814764018,32,0.130956993,4.190623789,14.2,0.131166797,1.86256852,0,"Northeast"
"40","DC","$75,000 or greater",42.6,0.556942278,23.72574103,69.5,0.558788362,38.83579115,12.5,0.541159099,6.764488741,33.2,0.562323518,18.66914078,32.7,0.556760945,18.20608291,10.1,0.556773688,5.623414252,1,"Northeast"
"41","DE","$15,000 - $24,999",29,0.186825054,5.417926566,35.3,0.186403509,6.58004386,40.6,0.190135811,7.719513939,13.6,0.185144124,2.517960089,41.3,0.185238784,7.650361795,26.6,0.183726068,4.887113402,0,"Northeast"
"42","DE","$25,000 - $34,999",36.3,0.129589633,4.704103672,48,0.128289474,6.157894737,33.2,0.129735525,4.307219442,20.9,0.127864006,2.672357724,40.9,0.128437048,5.253075253,19.2,0.12628866,2.424742268,0,"Northeast"
"43","DE","$35,000 - $49,999",31.2,0.155507559,4.851835853,48.2,0.156067251,7.52244152,31.1,0.156897784,4.879521086,18.7,0.155580192,2.909349593,38.4,0.158465991,6.085094067,21,0.153902798,3.231958763,0,"Northeast"
"44","DE","$50,000 - $74,999",27.3,0.172786177,4.717062635,47.3,0.172880117,8.177229532,30.2,0.168334525,5.083702645,19.1,0.173318551,3.310384331,39.8,0.171852388,6.839725036,21,0.174521355,3.664948454,0,"Northeast"
"45","DE","$75,000 or greater",37.5,0.355291577,13.32343413,60.1,0.356359649,21.41721491,26,0.354896355,9.227305218,28.1,0.358093126,10.06241685,33.2,0.356005789,11.81939219,14.5,0.361561119,5.24263623,1,"Northeast"
"46","FL","$15,000 - $24,999",25.2,0.198563131,5.00379089,47,0.197513598,9.283139083,30,0.205079826,6.152394775,17.4,0.195979899,3.410050251,40.8,0.200150943,8.166158491,27.7,0.199846743,5.535754789,0,"South"
"47","FL","$25,000 - $34,999",28.4,0.123968205,3.520697035,47.7,0.124164724,5.922657343,28.7,0.122931785,3.528142235,16.9,0.123900754,2.093922739,44.4,0.124226415,5.51565283,23.1,0.123218391,2.846344828,0,"South"
"48","FL","$35,000 - $49,999",29.9,0.173035769,5.173769489,49.5,0.171872572,8.507692308,29.1,0.17256894,5.021756168,19.3,0.172424623,3.327795226,34.8,0.171773585,5.977720755,19.5,0.170574713,3.326206897,0,"South"
"49","FL","$50,000 - $74,999",37.1,0.173188627,6.425298074,56.3,0.175291375,9.868904429,27.1,0.171843251,4.656952104,24.4,0.175251256,4.276130653,35.3,0.174188679,6.148860377,16.7,0.173793103,2.902344828,0,"South"
"50","FL","$75,000 or greater",41,0.331244268,13.58101498,60.4,0.331157731,20.00192696,24,0.327576197,7.861828737,30.4,0.332443467,10.10628141,35.6,0.329660377,11.73590943,14.9,0.33256705,4.955249042,1,"South"
"51","GA","$15,000 - $24,999",24.8,0.217864206,5.403032301,38.8,0.217680292,8.445995347,37.1,0.220209724,8.169780744,14,0.216252518,3.027535259,45.9,0.217990808,10.00577807,30.9,0.216323822,6.684406105,0,"South"
"52","GA","$25,000 - $34,999",27,0.123928807,3.346077785,50.7,0.125290794,6.35224327,30.8,0.125834128,3.875691134,18.1,0.124916051,2.260980524,47.4,0.123768877,5.86664478,28.8,0.124751161,3.592833444,0,"South"
"53","GA","$35,000 - $49,999",27.9,0.152933421,4.266842452,44.7,0.151213028,6.759222333,33.8,0.152843978,5.16612647,15.3,0.151108126,2.311954332,41.7,0.152330926,6.352199606,23.7,0.151625747,3.593530192,0,"South"
"54","GA","$50,000 - $74,999",25.9,0.171390903,4.43902439,54.7,0.170820871,9.343901628,33.2,0.170320941,5.654655227,18.5,0.170584285,3.155809268,47.2,0.172685489,8.150755089,20.4,0.173523557,3.539880557,0,"South"
"55","GA","$75,000 or greater",39.9,0.333882663,13.32191826,55.3,0.334995015,18.52522433,24.6,0.33079123,8.137464252,25.6,0.337139019,8.630758899,39.5,0.3332239,13.16234406,14.9,0.333775713,4.973258129,1,"South"
"56","HI","$15,000 - $24,999",32.2,0.157934132,5.085479042,56.4,0.157430021,8.879053166,22.3,0.163222046,3.639851616,22.3,0.157347941,3.508859086,43,0.158194164,6.802349055,23.8,0.157140197,3.739936697,0,"Western"
"57","HI","$25,000 - $34,999",33,0.119947605,3.958270958,53.8,0.119857223,6.448318617,23.3,0.119413531,2.782335276,21.6,0.11994711,2.590857575,39.3,0.120572582,4.738502478,21,0.119158443,2.502327313,0,"Western"
"58","HI","$35,000 - $49,999",32.9,0.153255988,5.042122006,60.6,0.153860605,9.323952658,23.7,0.152799859,3.621356651,24.4,0.153947866,3.756327918,43.1,0.152321527,6.565057809,24.2,0.153230311,3.708173524,0,"Western"
"59","HI","$50,000 - $74,999",31.3,0.184693114,5.780894461,53.8,0.185233891,9.965583318,24.7,0.183006536,4.520261438,20.7,0.185304118,3.83579524,36.1,0.184437511,6.658194164,20.5,0.185067958,3.79389313,0,"Western"
"60","HI","$75,000 or greater",36,0.384169162,13.83008982,60.7,0.38361826,23.28562841,21.6,0.381558029,8.241653418,26.5,0.383452966,10.16150359,40.7,0.384474215,15.64810057,16.3,0.385403091,6.282070378,1,"Western"
"61","IA","$15,000 - $24,999",24.8,0.157204252,3.89866546,42.9,0.156099794,6.696681163,35.1,0.161900473,5.682706598,16,0.15588303,2.494128483,45.9,0.156376746,7.177692654,32.7,0.155160629,5.073752563,0,"Midwest"
"62","IA","$25,000 - $34,999",22,0.11988238,2.63741235,44.6,0.119707027,5.338933394,38.7,0.120468363,4.662125647,13.6,0.118811881,1.615841584,37.4,0.11897251,4.449571879,25.1,0.118478013,2.973798132,0,"Midwest"
"63","IA","$35,000 - $49,999",27.9,0.180275956,5.029699163,42.6,0.181048295,7.712657359,33.9,0.178338212,6.045665391,15.4,0.180980889,2.787105687,44.3,0.180937359,8.015525011,31.2,0.18067897,5.637183869,0,"Midwest"
"64","IA","$50,000 - $74,999",27.9,0.197466637,5.509319159,50.4,0.197985809,9.978484779,38,0.196802522,7.478495834,17.2,0.197559291,3.398019802,42.4,0.19873817,8.426498423,24.8,0.199817726,4.955479608,0,"Midwest"
"65","IA","$75,000 or greater",38.7,0.345170776,13.35810903,57.2,0.345159075,19.74309911,28,0.34249043,9.589732042,27.6,0.346764909,9.57071149,39.8,0.344975214,13.73001352,21.2,0.345864662,7.332330827,1,"Midwest"
"66","ID","$15,000 - $24,999",24.6,0.184123223,4.52943128,47.9,0.185114046,8.866962785,35.2,0.186160298,6.552842498,16.3,0.183163513,2.98556526,40.8,0.184402161,7.523608175,23.7,0.184702818,4.377456784,0,"Midwest"
"67","ID","$25,000 - $34,999",26.6,0.157109005,4.179099526,50.4,0.156542617,7.889747899,30.3,0.15610438,4.729962721,18.3,0.15720524,2.876855895,42.8,0.156213296,6.685929058,18.6,0.155576604,2.89372484,0,"Midwest"
"68","ID","$35,000 - $49,999",24.3,0.185781991,4.51450237,56.8,0.183673469,10.43265306,34.5,0.18359739,6.334109972,17.1,0.184376516,3.152838428,37.6,0.185811604,6.986516326,16.2,0.184229221,2.984513379,0,"Midwest"
"69","ID","$50,000 - $74,999",35.1,0.198341232,6.961777251,56.3,0.200720288,11.30055222,26.8,0.197576887,5.295060578,24.8,0.20014556,4.963609898,36.2,0.201080573,7.279116749,14,0.201278712,2.817901965,0,"Midwest"
"70","ID","$75,000 or greater",36.9,0.27464455,10.13438389,62.5,0.27394958,17.12184874,22.5,0.276561044,6.222623486,28.4,0.27510917,7.813100437,35.8,0.272492366,9.755226685,12.4,0.274212645,3.400236798,1,"Midwest"
"71","IL","$15,000 - $24,999",22.2,0.165311005,3.669904306,42.7,0.165585196,7.070487863,36.1,0.172557173,6.229313929,15.4,0.165139826,2.543153327,45.1,0.168124852,7.582430835,31.7,0.166189112,5.268194842,0,"Midwest"
"72","IL","$25,000 - $34,999",30.6,0.108851675,3.330861244,44.6,0.109348714,4.876952656,30.1,0.109032109,3.281866482,18.9,0.109450338,2.068611379,41.9,0.107590447,4.508039726,25.7,0.107449857,2.761461318,0,"Midwest"
"73","IL","$35,000 - $49,999",30.7,0.150956938,4.63437799,47.8,0.151405912,7.237202596,27.8,0.150612151,4.187017787,18.5,0.150916104,2.791947927,37,0.150153701,5.555686924,21.5,0.151623687,3.259909265,0,"Midwest"
"74","IL","$50,000 - $74,999",31,0.164354067,5.094976077,52.6,0.164864215,8.671857727,31.6,0.164934165,5.211919612,21.4,0.164898746,3.528833173,37.1,0.165523764,6.140931662,22.5,0.165472779,3.723137536,0,"Midwest"
"75","IL","$75,000 or greater",38.5,0.410526316,15.80526316,57,0.408795963,23.30136986,28.4,0.402864403,11.44134904,27.6,0.409594986,11.3048216,34.8,0.408607236,14.2195318,19.3,0.409264565,7.898806113,1,"Midwest"
"76","IN","$15,000 - $24,999",24.5,0.19395228,4.751830853,39,0.190854392,7.4433213,34,0.195177434,6.636032757,14.1,0.19047619,2.685714286,44.9,0.190977092,8.574871435,35.9,0.18981922,6.81450999,0,"Midwest"
"77","IN","$25,000 - $34,999",20.4,0.121426884,2.477108434,38.4,0.121058965,4.64866426,38.1,0.123521383,4.706164695,10.3,0.120991254,1.246209913,43.8,0.121084619,5.303506311,32.2,0.120837298,3.89096099,0,"Midwest"
"78","IN","$35,000 - $49,999",24.8,0.184266478,4.569808646,39.5,0.186281588,7.358122744,29.6,0.185395814,5.487716106,13.6,0.185131195,2.517784257,43,0.185600748,7.980832165,27.4,0.185775452,5.090247383,0,"Midwest"
"79","IN","$50,000 - $74,999",29.5,0.187810064,5.540396882,47.9,0.18700361,8.957472924,33.9,0.184713376,6.261783439,16.5,0.188289602,3.106778426,44.1,0.186769518,8.236535764,20.7,0.188867745,3.909562322,0,"Midwest"
"80","IN","$75,000 or greater",35.8,0.312544295,11.18908575,53.1,0.314801444,16.71595668,28.4,0.311191993,8.837852593,22.4,0.315111759,7.058503401,36.9,0.315568022,11.64446003,18.2,0.314700285,5.727545195,1,"Midwest"
"81","KS","$15,000 - $24,999",25.7,0.166988838,4.291613145,43.2,0.167003537,7.214552804,37.7,0.16799758,6.333508772,15.9,0.165902141,2.637844037,47,0.167379845,7.866852713,26.3,0.166056089,4.367275139,0,"South"
"82","KS","$25,000 - $34,999",24.7,0.120034919,2.964862505,45.2,0.118999495,5.37877716,38,0.119782214,4.551724138,16.5,0.119074924,1.964736239,46.8,0.119317829,5.584074419,23.2,0.119567964,2.773976756,0,"South"
"83","KS","$35,000 - $49,999",30.1,0.171104321,5.15024007,51.1,0.170919656,8.733994442,37.3,0.172474289,6.433290986,20.9,0.17087156,3.571215596,44.6,0.17172093,7.658753488,23.1,0.170351187,3.935112431,0,"South"
"84","KS","$50,000 - $74,999",29.7,0.199102076,5.913331671,52.7,0.198585144,10.46543709,34.3,0.197580157,6.776999395,20.1,0.198585627,3.991571101,43.2,0.198139535,8.559627907,17.5,0.199974735,3.499557858,0,"South"
"85","KS","$75,000 or greater",34.5,0.342769845,11.82555964,58.4,0.344492168,20.1183426,31,0.342165759,10.60713854,23.9,0.345565749,8.259021407,39.1,0.34344186,13.42857674,16.3,0.344050025,5.608015412,1,"South"
"86","KY","$15,000 - $24,999",24.3,0.155272306,3.773117034,38.7,0.153520132,5.941229103,41.2,0.15625,6.4375,9.9,0.153353875,1.518203366,51.8,0.154639175,8.010309278,25.2,0.155192532,3.910851809,0,"South"
"87","KY","$25,000 - $34,999",25.6,0.137427578,3.518146002,42.8,0.136566988,5.845067106,39,0.138714029,5.409847122,16.3,0.136999289,2.23308841,47.6,0.138831615,6.60838488,29.7,0.135355893,4.020070012,0,"South"
"88","KY","$35,000 - $49,999",28.8,0.164774044,4.745492468,42.1,0.165764069,6.978667295,33.6,0.165917266,5.574820144,16,0.164730979,2.635695662,49.4,0.167010309,8.250309278,23.3,0.164994166,3.844364061,0,"South"
"89","KY","$50,000 - $74,999",28.2,0.21575898,6.084403244,45.4,0.216152578,9.813327054,35.7,0.213803957,7.632801259,18.3,0.216639014,3.964493956,48.9,0.212600229,10.3961512,22.7,0.216102684,4.905530922,0,"South"
"90","KY","$75,000 or greater",36.2,0.326767092,11.82896871,59.6,0.327996233,19.54857547,35.4,0.325314748,11.51614209,26.5,0.328276843,8.699336336,39.6,0.326918671,12.94597938,14.6,0.328354726,4.793978996,1,"South"
"91","LA","$15,000 - $24,999",22.1,0.239754098,5.298565574,41.2,0.238410596,9.822516556,41.3,0.243854474,10.07118977,15.1,0.237759775,3.590172596,49.5,0.240095628,11.88473361,39.6,0.239265928,9.474930748,0,"South"
"92","LA","$25,000 - $34,999",21.3,0.12739071,2.713422131,46.3,0.125479261,5.809689787,40,0.12979351,5.191740413,15.6,0.12610074,1.967171539,40.6,0.12739071,5.172062842,30.2,0.125,3.775,0,"South"
"93","LA","$35,000 - $49,999",27.3,0.159153005,4.344877049,47.1,0.156151969,7.354757755,35.8,0.157325467,5.632251721,19.9,0.156745333,3.119232124,55.1,0.156762295,8.637602459,30.4,0.157202216,4.778947368,0,"South"
"94","LA","$50,000 - $74,999",31.8,0.161885246,5.14795082,50.4,0.163820146,8.256535378,34.2,0.160603081,5.492625369,20.9,0.163085594,3.408488905,47.1,0.162568306,7.656967213,24.6,0.163781163,4.02901662,0,"South"
"95","LA","$75,000 or greater",32.2,0.31181694,10.04050546,51.9,0.316138027,16.40756361,32.7,0.308423468,10.08544739,21.8,0.316308559,6.895526594,53.6,0.31318306,16.78661202,21.6,0.314750693,6.798614958,1,"South"
"96","MA","$15,000 - $24,999",24.5,0.160242005,3.925929127,44.2,0.160519845,7.094977169,30.1,0.165161714,4.971367592,16.5,0.159099035,2.625134072,33.5,0.157921635,5.290374787,26.6,0.158204817,4.208248137,0,"Northeast"
"97","MA","$25,000 - $34,999",25.7,0.0980121,2.518910977,39.2,0.097119775,3.807095188,28.7,0.099326876,2.850681333,16.4,0.097783339,1.603646764,30.3,0.09846678,2.983543441,23.5,0.095304107,2.239646508,0,"Northeast"
"98","MA","$35,000 - $49,999",31,0.132238548,4.099394987,48.5,0.131893221,6.396821215,27.4,0.13347562,3.657231982,18.8,0.13103325,2.463425098,34.4,0.132197615,4.547597956,28.3,0.131692947,3.726910414,0,"Northeast"
"99","MA","$50,000 - $74,999",32.5,0.152636128,4.960674157,53.1,0.152792413,8.113277134,26.8,0.151863405,4.069939255,21.3,0.152306042,3.244118699,30.4,0.154003407,4.681703578,13.9,0.155605614,2.162918038,0,"Northeast"
"100","MA","$75,000 or greater",38.6,0.456871219,17.63522904,61.2,0.457674745,28.00969442,19.3,0.450172385,8.68832704,27.4,0.459778334,12.59792635,32.2,0.457410562,14.7286201,11.1,0.459192514,5.097036909,1,"Northeast"
"101","MD","$15,000 - $24,999",28.2,0.123455323,3.481440114,48.1,0.123226198,5.927180109,29.2,0.128069164,3.739619597,18.4,0.12153204,2.236189541,37.3,0.125103075,4.666344681,27.3,0.122685462,3.349313105,0,"Northeast"
"102","MD","$25,000 - $34,999",30,0.090660646,2.719819392,49.3,0.090479078,4.460618557,33.7,0.094293948,3.177706052,16.8,0.090228333,1.515835993,29.1,0.090116622,2.622393686,23.8,0.08804205,2.095400788,0,"Northeast"
"103","MD","$35,000 - $49,999",28,0.134030418,3.752851711,53.8,0.135718617,7.301661613,36.4,0.136945245,4.984806916,19.9,0.13528112,2.692094279,35.7,0.133113441,4.752149841,23.6,0.133317405,3.146290766,0,"Northeast"
"104","MD","$50,000 - $74,999",35.3,0.16361692,5.775677281,50.6,0.162886598,8.242061856,32.7,0.161268012,5.273463977,23.1,0.164006875,3.788558802,35.9,0.163270114,5.861397102,16.2,0.163421336,2.647425636,0,"Northeast"
"105","MD","$75,000 or greater",37.4,0.488236692,18.26005228,59.7,0.487689509,29.11506367,24,0.479423631,11.50616715,27.5,0.488951633,13.4461699,34,0.488396749,16.60548946,15.1,0.492533747,7.437259587,1,"Northeast"
"106","ME","$15,000 - $24,999",25.9,0.188437776,4.880538394,46.8,0.186764048,8.74055746,33.4,0.190689605,6.369032818,16.2,0.186636637,3.023513514,42.5,0.18824905,8.000584624,24.7,0.188247453,4.649712092,0,"Northeast"
"107","ME","$25,000 - $34,999",25.9,0.12606649,3.265122095,52,0.126248323,6.564912804,30.2,0.126355356,3.815931762,17.7,0.125525526,2.221801802,32.1,0.125401929,4.025401929,20.7,0.125498302,2.597814853,0,"Northeast"
"108","ME","$35,000 - $49,999",24.3,0.172844954,4.200132392,54.6,0.17111343,9.342793263,30.3,0.173485615,5.256614139,16.1,0.171171171,2.755855856,37.5,0.173779597,6.516734873,15.8,0.173482947,2.741030563,0,"Northeast"
"109","ME","$50,000 - $74,999",31.1,0.199764637,6.2126802,58.8,0.201222239,11.83186764,30.1,0.198641029,5.979094983,22.3,0.201351351,4.490135135,33.2,0.200818474,6.667173341,14.3,0.201535509,2.881957774,0,"Northeast"
"110","ME","$75,000 or greater",34.2,0.312886143,10.70070609,61.9,0.31465196,19.47695633,24.7,0.310828394,7.677461327,24.1,0.315315315,7.599099099,27.4,0.31175095,8.54197603,10.1,0.311235789,3.143481471,1,"Northeast"
"111","MI","$15,000 - $24,999",24.4,0.162955945,3.976125059,50.9,0.16181178,8.23621959,36.2,0.164511606,5.955320143,15.9,0.161695954,2.570965662,44.1,0.161437805,7.119407221,28.4,0.161423578,4.584429616,0,"Midwest"
"112","MI","$25,000 - $34,999",25.8,0.120953734,3.120606348,45,0.11971831,5.387323944,36.1,0.123227917,4.448527808,15.9,0.118813477,1.88913429,42,0.122181933,5.131641179,29.7,0.121067684,3.5957102,0,"Midwest"
"113","MI","$35,000 - $49,999",26.9,0.164850782,4.434486026,51.2,0.16453265,8.424071703,34,0.163576881,5.561613959,17.5,0.164758988,2.883282283,37.3,0.163487309,6.09807662,23.4,0.1638068,3.833079123,0,"Midwest"
"114","MI","$50,000 - $74,999",31,0.18758882,5.815253434,53.9,0.188540333,10.16232394,33.5,0.186477644,6.247001091,21.6,0.188134773,4.063711108,39.1,0.188554312,7.372473593,22.9,0.188433429,4.315125516,0,"Midwest"
"115","MI","$75,000 or greater",34.9,0.363650718,12.69141007,58.9,0.365396927,21.521879,27,0.362205951,9.779560679,24,0.366596808,8.798323392,36.4,0.364338641,13.26192653,17.8,0.36526851,6.501779473,1,"Midwest"
"116","MN","$15,000 - $24,999",28.5,0.135786494,3.869915083,48.9,0.134935608,6.598351243,31.1,0.13697971,4.260068971,18.2,0.134323405,2.44468597,44.2,0.135132957,5.972876712,28.5,0.133142624,3.794564773,0,"Midwest"
"117","MN","$25,000 - $34,999",30,0.110068742,3.302062273,50.1,0.108768764,5.449315068,29.9,0.11011308,3.292381105,19.3,0.108354766,2.091246992,40.5,0.108702659,4.402457695,26.9,0.108377605,2.915357581,0,"Midwest"
"118","MN","$35,000 - $49,999",28.2,0.157864941,4.451791347,54.5,0.157821344,8.601263227,26.5,0.158392814,4.197409576,19.7,0.157803037,3.108719821,40,0.15922643,6.369057212,25.4,0.158479771,4.025386187,0,"Midwest"
"119","MN","$50,000 - $74,999",30.9,0.194904974,6.022563688,56.1,0.195143959,10.94757608,29.3,0.194161521,5.688932553,20.7,0.195387041,4.04451174,35.6,0.194278807,6.916325544,20.5,0.195422967,4.006170821,0,"Midwest"
"120","MN","$75,000 or greater",36.9,0.401374848,14.8107319,61.1,0.403330326,24.6434829,23.2,0.400352875,9.288186703,26.8,0.404131751,10.83073094,32.2,0.402659146,12.9656245,16.1,0.404577033,6.513690233,1,"Midwest"
"121","MO","$15,000 - $24,999",24.6,0.18973822,4.667560209,46.9,0.187766411,8.806244672,34.5,0.19118253,6.595797281,18.5,0.187258687,3.464285714,47.7,0.187408492,8.939385066,28.3,0.187592632,5.30887148,0,"South"
"122","MO","$25,000 - $34,999",25.1,0.137172775,3.443036649,45,0.137468031,6.186061381,32,0.139678616,4.469715698,15.4,0.136851137,2.107507508,44.3,0.136791466,6.059861954,26.3,0.136777472,3.597247512,0,"South"
"123","MO","$35,000 - $49,999",24.2,0.181151832,4.383874346,49.6,0.17945439,8.900937766,31.9,0.179439637,5.724124433,15.6,0.18018018,2.810810811,45.6,0.18050617,8.231081364,23.6,0.181240737,4.277281389,0,"South"
"124","MO","$50,000 - $74,999",35.1,0.183664921,6.446638743,49.6,0.186700767,9.260358056,31.8,0.184590029,5.869962917,22.6,0.186186186,4.207807808,45.7,0.186153524,8.507216064,20.7,0.184840144,3.82619098,0,"South"
"125","MO","$75,000 or greater",37.2,0.308272251,11.46772775,57.5,0.308610401,17.74509804,33.4,0.305109188,10.19064689,24,0.30952381,7.428571429,37.4,0.309140347,11.56184899,14,0.309549015,4.333686216,1,"South"
"126","MS","$15,000 - $24,999",23,0.29399423,6.761867296,36.7,0.29179004,10.70869448,40.1,0.296325254,11.88264269,13.5,0.290549689,3.922420796,52.4,0.29210174,15.30613119,37.3,0.290305158,10.82838239,0,"South"
"127","MS","$25,000 - $34,999",27,0.15630737,4.220298977,38,0.15666218,5.953162853,36.5,0.157414647,5.74563461,16.5,0.156783103,2.586921202,55.1,0.157161981,8.659625167,37.2,0.155279503,5.776397516,0,"South"
"128","MS","$35,000 - $49,999",30.4,0.159192237,4.839444007,43,0.158546433,6.817496635,35.8,0.158717748,5.682095387,22.6,0.158678581,3.586135933,48.8,0.159303882,7.774029451,25.4,0.159600324,4.053848231,0,"South"
"129","MS","$50,000 - $74,999",30.1,0.152897981,4.602229216,44.6,0.153162853,6.831063257,35.2,0.150377899,5.293302059,17.8,0.153804495,2.737720011,47.7,0.152074967,7.253975904,22.8,0.154469349,3.521901161,0,"South"
"130","MS","$75,000 or greater",33,0.237608183,7.841070024,46.6,0.239838493,11.17647376,30.5,0.237164451,7.233515768,18.2,0.240184132,4.371351205,47.2,0.23935743,11.29767068,20.1,0.240345666,4.83094788,1,"South"
"131","MT","$15,000 - $24,999",26.6,0.191684285,5.098801973,54.1,0.192546584,10.41677019,26.9,0.192874109,5.188313539,16.6,0.191346154,3.176346154,49.6,0.19028436,9.438104265,21.4,0.188864891,4.041708663,0,"Midwest"
"132","MT","$25,000 - $34,999",27.4,0.145172657,3.977730796,60.1,0.144290492,8.671858576,24.9,0.145130641,3.613752969,20.2,0.144230769,2.913461538,40.3,0.14478673,5.834905213,21.9,0.144468443,3.163858891,0,"Midwest"
"133","MT","$35,000 - $49,999",33.7,0.188865398,6.364763918,57.3,0.186813187,10.7043956,25.1,0.189786223,4.763634204,26,0.1875,4.875,42.3,0.189099526,7.998909953,21.4,0.187904968,4.021166307,0,"Midwest"
"134","MT","$50,000 - $74,999",33.5,0.187690862,6.287643881,59.6,0.188007645,11.20525561,24.2,0.185510689,4.48935867,27.5,0.188221154,5.176081731,36.3,0.186966825,6.786895735,15,0.188144948,2.822174226,0,"Midwest"
"135","MT","$75,000 or greater",41.3,0.286586798,11.83603477,68.2,0.288342093,19.66493072,19.8,0.286698337,5.676627078,33.6,0.288701923,9.700384615,32.5,0.288862559,9.388033175,12.2,0.290616751,3.545524358,1,"Midwest"
"136","NC","$15,000 - $24,999",25.7,0.22965968,5.902253775,43,0.228854575,9.840746716,35.6,0.231718464,8.249177331,15.8,0.228041715,3.603059096,45.6,0.229560465,10.46795719,26.2,0.225619643,5.911234654,0,"South"
"137","NC","$25,000 - $34,999",25.5,0.124633762,3.17816092,45.3,0.124452639,5.63770454,37.3,0.123171846,4.594309872,16.8,0.123986095,2.082966396,42.4,0.125256206,5.310863129,22.1,0.127403289,2.815612694,0,"South"
"138","NC","$35,000 - $49,999",30.7,0.158891143,4.87795808,49.5,0.158100945,7.825996773,30,0.159277879,4.77833638,21.5,0.158285052,3.403128621,46.4,0.157822819,7.32297882,24.3,0.157516794,3.827658096,0,"South"
"139","NC","$50,000 - $74,999",30.7,0.177146721,5.438404327,48.9,0.177690712,8.689075824,28.7,0.175731261,5.043487203,18.2,0.177983778,3.239304751,45.2,0.176952858,7.998269187,16.8,0.176511466,2.965392634,0,"South"
"140","NC","$75,000 or greater",39.8,0.309668695,12.32481406,58.3,0.310901129,18.12553584,23.6,0.310100548,7.318372943,28.2,0.31170336,8.790034762,37.3,0.310407652,11.57820542,12.5,0.312948807,3.911860088,1,"South"
"141","ND","$15,000 - $24,999",22.8,0.132246861,3.015228426,41.3,0.130858846,5.404470333,35,0.136435331,4.775236593,11.8,0.129624555,1.529569745,49.2,0.133404199,6.56348658,37.8,0.131853437,4.984059909,0,"Midwest"
"142","ND","$25,000 - $34,999",25.7,0.106331819,2.732727758,39.8,0.10647521,4.237713357,34.7,0.105152471,3.648790747,13.5,0.106056454,1.431762127,44.4,0.106829657,4.743236779,29.1,0.106713025,3.105349024,0,"Midwest"
"143","ND","$35,000 - $49,999",25.2,0.17098584,4.308843174,43.6,0.172311027,7.512760769,30.3,0.171135647,5.185410095,16.5,0.17155385,2.830638531,40.9,0.169811321,6.945283019,29.6,0.170633859,5.050762236,0,"Midwest"
"144","ND","$50,000 - $74,999",27.4,0.194496393,5.329201176,48.7,0.195340016,9.513058792,30.7,0.191640379,5.883359621,18.8,0.195670047,3.678596876,37,0.193196917,7.148285942,23.4,0.195239369,4.56860123,0,"Midwest"
"145","ND","$75,000 or greater",29.9,0.395939086,11.83857868,53.1,0.395014901,20.97529125,31.2,0.395636172,12.34384858,21.6,0.397095095,8.577254042,37.9,0.396757906,15.03712463,21.2,0.39556031,8.385878577,1,"Midwest"
"146","NE","$15,000 - $24,999",29.3,0.174007444,5.098418114,46.3,0.174011564,8.056735427,34.5,0.176121221,6.076182137,18.3,0.173073893,3.167252245,42.2,0.174191063,7.350862866,27.1,0.171843296,4.656953332,0,"Midwest"
"147","NE","$25,000 - $34,999",26,0.137251861,3.568548387,48.3,0.136505704,6.593225504,36.5,0.135079571,4.930404325,17.4,0.136521191,2.375468725,43.4,0.136440678,5.921525424,28.9,0.136881536,3.955876385,0,"Midwest"
"148","NE","$35,000 - $49,999",29.3,0.183235112,5.368788772,49.8,0.183153618,9.121050164,33.3,0.182288891,6.070220056,20,0.182999842,3.659996849,41.4,0.183359014,7.591063174,25.2,0.183393164,4.621507726,0,"Midwest"
"149","NE","$50,000 - $74,999",33.2,0.196495037,6.523635236,50.4,0.197452727,9.95161744,33.1,0.196070966,6.489948983,23.3,0.197652434,4.605301717,42.3,0.196379045,8.30683359,23.7,0.197674419,4.684883721,0,"Midwest"
"150","NE","$75,000 or greater",37.3,0.309010546,11.52609336,59.5,0.308876387,18.37814502,27.9,0.310439351,8.6612579,27.8,0.309752639,8.611123365,36.2,0.3096302,11.20861325,16.8,0.310207585,5.211487436,1,"Midwest"
"151","NH","$15,000 - $24,999",21.7,0.144119503,3.127393225,44.3,0.142094017,6.294764957,29.7,0.143242123,4.254291045,12.8,0.141813494,1.81521272,39.7,0.141542965,5.619255697,25.1,0.141033823,3.539948947,0,"Northeast"
"152","NH","$25,000 - $34,999",27.3,0.100778456,2.751251841,46.9,0.1,4.69,27.2,0.10592869,2.881260365,14.6,0.099914052,1.458745165,36.4,0.101609868,3.698599206,19.7,0.099553287,1.961199745,0,"Northeast"
"153","NH","$35,000 - $49,999",30.3,0.153376815,4.647317484,59.1,0.152564103,9.016538462,29.9,0.154228856,4.611442786,21.3,0.152342071,3.244886119,29.7,0.154923688,4.601233535,17.7,0.154435227,2.73350351,0,"Northeast"
"154","NH","$50,000 - $74,999",29,0.187670945,5.442457395,57.7,0.18974359,10.94820513,30.2,0.186359867,5.628067993,21,0.189729265,3.984314568,36.1,0.186702906,6.739974911,16,0.186981493,2.991703893,0,"Northeast"
"155","NH","$75,000 or greater",38.2,0.414054282,15.81687355,64.2,0.415598291,26.68141026,22.8,0.410240464,9.353482587,29,0.416201117,12.0698324,29.9,0.415220573,12.41509513,12.6,0.417996171,5.266751755,1,"Northeast"
"156","NJ","$15,000 - $24,999",23.9,0.158279733,3.78288561,39.6,0.158811475,6.288934426,31.5,0.158825743,5.003010915,16.2,0.157491561,2.551363282,41.3,0.15672956,6.472930818,29,0.155979644,4.523409669,0,"Northeast"
"157","NJ","$25,000 - $34,999",25.4,0.093706646,2.380148821,42.6,0.092597336,3.944646516,32,0.094718354,3.030987329,14.1,0.092054012,1.297961568,40.6,0.093333333,3.789333333,27.4,0.092875318,2.544783715,0,"Northeast"
"158","NJ","$35,000 - $49,999",30,0.128767814,3.863034431,47.8,0.127689549,6.103560451,27,0.128465688,3.468573579,21.7,0.128408206,2.786458063,34.4,0.129056604,4.43954717,22.7,0.127989822,2.905368957,0,"Northeast"
"159","NJ","$50,000 - $74,999",32.4,0.159919284,5.18138479,49.4,0.159579918,7.883247951,26.4,0.157571196,4.159879563,20.9,0.15969878,3.337704492,33.6,0.158238994,5.316830189,24.6,0.158524173,3.899694656,0,"Northeast"
"160","NJ","$75,000 or greater",38.1,0.459326523,17.50034052,55.6,0.461321721,25.6494877,22.9,0.460419019,10.54359553,25.5,0.462347442,11.78985978,34.1,0.462641509,15.77607547,16.3,0.464631043,7.573486005,1,"Northeast"
"161","NM","$15,000 - $24,999",29.3,0.245186988,7.183978756,49.2,0.245152663,12.06151103,33.5,0.246998285,8.274442539,17.9,0.24337674,4.356443646,44.9,0.246313009,11.05945411,22.7,0.245278827,5.567829371,0,"South"
"162","NM","$25,000 - $34,999",30.3,0.139411374,4.224164638,53.6,0.13906842,7.454067306,33.2,0.141080617,4.683876501,21.4,0.138751684,2.969286035,45.5,0.139995598,6.369799692,25.4,0.137524994,3.493134859,0,"South"
"163","NM","$35,000 - $49,999",33.2,0.162425315,5.392520469,55.6,0.162469356,9.033296189,26.6,0.16380789,4.35728988,23.5,0.163224068,3.835765604,40.9,0.161787365,6.617103236,19.1,0.162186181,3.097756054,0,"South"
"164","NM","$50,000 - $74,999",35.7,0.175038725,6.248882496,63.9,0.175841319,11.23626031,31.3,0.172598628,5.40233705,27.5,0.176021554,4.840592726,38,0.17433414,6.624697337,15.6,0.175960898,2.744990002,0,"South"
"165","NM","$75,000 or greater",40.8,0.277937597,11.33985395,63.5,0.277468242,17.61923334,22.8,0.27551458,6.281732419,29.9,0.278625954,8.330916031,38.9,0.277569888,10.79746863,16.1,0.2790491,4.492690513,1,"South"
"166","NV","$15,000 - $24,999",26.3,0.18627451,4.899019608,43,0.184815185,7.947052947,25.7,0.183891315,4.726006793,18.6,0.184475806,3.43125,33.7,0.183693517,6.190471513,24.8,0.182817183,4.533866134,0,"Western"
"167","NV","$25,000 - $34,999",35.4,0.12254902,4.338235294,58.2,0.121378621,7.064235764,31.9,0.122755944,3.915914605,30.6,0.12046371,3.686189516,40.3,0.119842829,4.829666012,21.8,0.12037962,2.624275724,0,"Western"
"168","NV","$35,000 - $49,999",31,0.145098039,4.498039216,46.4,0.145854146,6.767632368,28.7,0.145075206,4.163658418,19.6,0.14516129,2.84516129,37.4,0.148821218,5.565913556,16.2,0.145854146,2.362837163,0,"Western"
"169","NV","$50,000 - $74,999",40.9,0.196568627,8.039656863,56.7,0.198301698,11.24370629,30,0.196991752,5.909752547,27.4,0.19858871,5.441330645,40.5,0.194990177,7.897102161,16.1,0.196303696,3.16048951,0,"Western"
"170","NV","$75,000 or greater",43.9,0.349509804,15.34348039,60.3,0.34965035,21.08391608,25,0.351285784,8.78214459,31.1,0.351310484,10.92575605,34.8,0.352652259,12.27229862,11.7,0.354645355,4.149350649,1,"Western"
"171","NY","$15,000 - $24,999",25.6,0.177708308,4.549332692,41.8,0.176000983,7.356841071,28.7,0.184009138,5.28106225,15.7,0.17553456,2.755892591,43.7,0.181174805,7.917338995,28.4,0.178062507,5.056975213,0,"Northeast"
"172","NY","$25,000 - $34,999",25.4,0.107490682,2.730263316,42.6,0.106484893,4.536256448,26.4,0.109308966,2.88575671,14.9,0.106539035,1.587431626,37,0.106982779,3.958362821,24.8,0.106933301,2.651945875,0,"Northeast"
"173","NY","$35,000 - $49,999",30,0.131537814,3.946134423,45.6,0.130557603,5.953426676,25,0.132381496,3.309537407,20.4,0.130159125,2.655246146,39.4,0.130455296,5.139938665,22.3,0.130643037,2.91333972,0,"Northeast"
"174","NY","$50,000 - $74,999",32.3,0.170133462,5.495310809,50.5,0.171088185,8.639953328,25.4,0.168018275,4.267664192,22.4,0.170810542,3.826156141,37.6,0.168907761,6.350931824,19.6,0.16991977,3.330427494,0,"Northeast"
"175","NY","$75,000 or greater",37.2,0.413129734,15.36842612,54.3,0.415868337,22.5816507,21.5,0.406282125,8.735065677,26.1,0.416956738,10.88257086,33.2,0.412479358,13.6943147,15.3,0.414441384,6.340953179,1,"Northeast"
"176","OH","$15,000 - $24,999",23.5,0.214231451,5.034439099,43.4,0.21250642,9.222778634,32.8,0.218545499,7.168292382,14,0.211952295,2.967332123,48.9,0.212803644,10.40609818,34.2,0.209843228,7.176638396,0,"Midwest"
"177","OH","$25,000 - $34,999",29.4,0.137756394,4.050037984,48.1,0.136877247,6.583795583,31.9,0.138782566,4.427163847,19.4,0.136505056,2.648198081,45.8,0.13562753,6.211740891,25.7,0.136854279,3.517154973,0,"Midwest"
"178","OH","$35,000 - $49,999",27.4,0.169156749,4.63489491,49.1,0.168592707,8.2779019,32.5,0.168662798,5.481540931,17.5,0.168654395,2.951451906,46.6,0.168395749,7.847241903,25,0.168208687,4.205217168,0,"Midwest"
"179","OH","$50,000 - $74,999",31.1,0.175487465,5.457660167,54.1,0.17693888,9.572393426,32.3,0.173478207,5.603346092,20.7,0.177339901,3.670935961,40.7,0.176998988,7.203858806,22.8,0.178103315,4.06075559,0,"Midwest"
"180","OH","$75,000 or greater",36.3,0.303367941,11.01225627,56.9,0.305084746,17.35932203,25.1,0.30053093,7.543326337,24.3,0.305548354,7.424824994,36.5,0.306174089,11.17535425,15.3,0.306990491,4.69695451,1,"Midwest"
"181","OK","$15,000 - $24,999",18.2,0.219991547,4.003846154,44.7,0.219012718,9.789868506,38.1,0.221157851,8.426114119,11.9,0.218607677,2.60143136,53.6,0.219625184,11.77190988,29.9,0.21546724,6.442470462,0,"South"
"182","OK","$25,000 - $34,999",28.1,0.139687236,3.925211327,40.9,0.140547532,5.74839405,31.9,0.143065389,4.563785923,14,0.140316634,1.964432878,52.2,0.139397768,7.276563487,31,0.139419979,4.322019334,0,"South"
"183","OK","$35,000 - $49,999",23.3,0.183220626,4.269040575,49.1,0.18473809,9.070640224,38.7,0.181174511,7.011453561,15.3,0.183908046,2.813793103,49.7,0.183407033,9.115329543,26.1,0.184747583,4.821911923,0,"South"
"184","OK","$50,000 - $74,999",29.8,0.173922232,5.182882502,52.1,0.172450959,8.984694977,33.6,0.172219908,5.786588921,20,0.173064411,3.461288224,47.8,0.173299642,8.283722889,20.7,0.172717508,3.575252417,0,"South"
"185","OK","$75,000 or greater",34.6,0.28317836,9.79797126,55.6,0.283250701,15.74873895,30.8,0.282382341,8.697376093,24.6,0.284103231,6.988939493,45.2,0.284270373,12.84902085,15.4,0.287647691,4.429774436,1,"South"
"186","OR","$15,000 - $24,999",25.6,0.176764869,4.525180656,55.8,0.176136364,9.828409091,33.9,0.179315874,6.078808124,17.1,0.174964029,2.991884892,42.6,0.176048565,7.499668874,21,0.1725007,3.622514702,0,"Western"
"187","OR","$25,000 - $34,999",25.4,0.120344636,3.056753752,55.8,0.118465909,6.610397727,34.6,0.121592731,4.207108498,18.9,0.117410072,2.21905036,38.4,0.120309051,4.61986755,15.7,0.120134416,1.886110333,0,"Western"
"188","OR","$35,000 - $49,999",28.3,0.170928293,4.837270706,59.4,0.169602273,10.074375,32.4,0.167022982,5.411544629,21,0.170935252,3.589640288,34.9,0.166390728,5.807036424,16.6,0.16942033,2.812377485,0,"Western"
"189","OR","$50,000 - $74,999",33.9,0.177320734,6.011172874,62.3,0.177556818,11.06178977,30.5,0.175574559,5.355024051,23.4,0.177841727,4.161496403,35.7,0.178807947,6.383443709,12.5,0.177821339,2.222766732,0,"Western"
"190","OR","$75,000 or greater",38.4,0.354641467,13.61823235,70,0.358238636,25.07670455,25.7,0.356493854,9.161892036,30.3,0.358848921,10.8731223,30.9,0.358443709,11.0759106,10,0.360123215,3.601232148,1,"Western"
"191","PA","$15,000 - $24,999",23.6,0.162935323,3.845273632,46,0.162509448,7.475434618,36.2,0.170501332,6.17214822,17.1,0.162395331,2.776960162,41.8,0.161530815,6.751988072,34.2,0.160709823,5.496275931,0,"Northeast"
"192","PA","$25,000 - $34,999",24.8,0.126865672,3.146268657,48.2,0.125472411,6.047770219,33.2,0.125211916,4.157035602,15.6,0.126110124,1.96731794,35.2,0.123757455,4.356262425,27.2,0.12571857,3.419545114,0,"Northeast"
"193","PA","$35,000 - $49,999",31.2,0.16318408,5.091343284,51.8,0.164525069,8.522398589,33.6,0.163962218,5.50913054,21.1,0.163410302,3.447957371,37,0.163518887,6.050198807,22,0.162709323,3.579605099,0,"Northeast"
"194","PA","$50,000 - $74,999",31.6,0.192537313,6.084179104,44.4,0.192491812,8.546636432,33.2,0.188181158,6.247614434,20.3,0.19233697,3.904440497,42.9,0.193091451,8.28362326,21.9,0.192701825,4.220169958,0,"Northeast"
"195","PA","$75,000 or greater",35.5,0.354477612,12.58395522,55.8,0.35500126,19.80907029,24.5,0.352143376,8.627512715,22.8,0.355747272,8.111037808,34,0.358101392,12.17544732,17.7,0.35816046,6.33944014,1,"Northeast"
"196","RI","$15,000 - $24,999",21.1,0.159691913,3.369499358,39.2,0.158114092,6.198072415,29.1,0.162807702,4.737704119,14.6,0.157867087,2.304859469,41.3,0.160172065,6.615106275,30.4,0.157486424,4.787587277,0,"Northeast"
"197","RI","$25,000 - $34,999",23,0.110654685,2.545057766,39.7,0.110966397,4.405365981,33.8,0.114794053,3.880038996,14.3,0.110848437,1.58513265,42.1,0.112095142,4.719205466,29,0.109387122,3.172226532,0,"Northeast"
"198","RI","$35,000 - $49,999",28.8,0.145314506,4.185057766,49.5,0.147173743,7.285100287,26.7,0.145259566,3.878430417,17.4,0.14630943,2.545784082,39.3,0.145242915,5.708046559,24.1,0.145073701,3.496276183,0,"Northeast"
"199","RI","$50,000 - $74,999",27.1,0.176893453,4.79381258,53.4,0.176348007,9.416983589,28.3,0.173775286,4.917840604,17.4,0.176516942,3.071394799,35.8,0.175607287,6.286740891,23.8,0.178174295,4.240548229,0,"Northeast"
"200","RI","$75,000 or greater",35.5,0.407445443,14.46431322,58.4,0.40739776,23.79202917,23,0.403363393,9.277358031,26.2,0.408458103,10.70160231,31.4,0.406882591,12.77611336,12.5,0.409878459,5.123480734,1,"Northeast"
"201","SC","$15,000 - $24,999",23.3,0.212140823,4.94288118,43,0.212335958,9.130446194,34.1,0.219186705,7.47426665,14.8,0.211278793,3.126926132,49.9,0.210164657,10.48721639,32.1,0.211583924,6.791843972,0,"South"
"202","SC","$25,000 - $34,999",30,0.132798343,3.983950298,47.7,0.132939633,6.341220472,32.5,0.132821352,4.316693944,21.3,0.132512576,2.822517871,48.8,0.132633217,6.472500972,29.8,0.130286315,3.882532178,0,"South"
"203","SC","$35,000 - $49,999",27.5,0.177970489,4.894188455,50.1,0.177165354,8.875984252,33,0.176885308,5.837215158,16.2,0.177257082,2.871564734,51.4,0.177492545,9.123116816,24.3,0.178224324,4.330851064,0,"South"
"204","SC","$50,000 - $74,999",31.9,0.174475796,5.565777893,52.1,0.173884514,9.059383202,32.1,0.171849427,5.516366612,21,0.173815197,3.650119142,46.9,0.175288474,8.221029431,19,0.17572892,3.338849488,0,"South"
"205","SC","$75,000 or greater",37.8,0.302614548,11.43882992,61.7,0.303674541,18.73671916,28.2,0.299257208,8.439053254,27.7,0.305136352,8.452276939,41.1,0.304421107,12.51170751,14.4,0.304176517,4.380141844,1,"South"
"206","SD","$15,000 - $24,999",21.5,0.15814044,3.400019451,53,0.157770337,8.361827851,32.3,0.157925636,5.100998043,15.3,0.157519318,2.410045572,46.3,0.157966233,7.3138366,35.2,0.15526007,5.465154478,0,"Midwest"
"207","SD","$25,000 - $34,999",26.8,0.129352266,3.466640731,51,0.12645263,6.449084105,34.8,0.129158513,4.494716243,18.8,0.126609867,2.380265504,50.6,0.12808073,6.480884921,29.3,0.128470864,3.764196324,0,"Midwest"
"208","SD","$35,000 - $49,999",33,0.183816378,6.065940479,55.1,0.183572976,10.11487099,33.4,0.18258317,6.098277886,21.3,0.183871607,3.916465227,41.2,0.182806132,7.531612653,20.1,0.183809151,3.694563942,0,"Midwest"
"209","SD","$50,000 - $74,999",28,0.208908773,5.849445633,51.7,0.210951349,10.90618475,32.6,0.208610568,6.800704501,18.6,0.210422033,3.913849812,44.2,0.210362895,9.298039977,24.8,0.210402816,5.217989832,0,"Midwest"
"210","SD","$75,000 or greater",32.1,0.319782144,10.26500681,59.9,0.321252708,19.24303723,28.4,0.321722114,9.136908023,23.5,0.321577175,7.557063602,38.8,0.320784009,12.44641956,21.5,0.322057098,6.92422761,1,"Midwest"
"211","TN","$15,000 - $24,999",24,0.238733906,5.729613734,38.8,0.237534247,9.216328767,35.2,0.240807872,8.476437079,13.3,0.237593568,3.159994455,44.7,0.236021505,10.55016129,30.7,0.235727943,7.236847856,0,"South"
"212","TN","$25,000 - $34,999",23.7,0.139753219,3.312151288,43.5,0.140821918,6.125753425,35.4,0.14422579,5.105592957,13.3,0.140282783,1.86576102,51.1,0.141397849,7.225430108,22.3,0.138213603,3.082163343,0,"South"
"213","TN","$35,000 - $49,999",29.1,0.170600858,4.964484979,48.9,0.170684932,8.346493151,33.4,0.170378042,5.690626618,19.5,0.170501802,3.32478514,39.1,0.169623656,6.632284946,17.7,0.169625785,3.0023764,0,"South"
"214","TN","$50,000 - $74,999",28.1,0.171137339,4.808959227,46.6,0.169589041,7.902849315,37.2,0.174003107,6.472915588,20,0.169392847,3.387856945,44.9,0.173387097,7.785080645,15.9,0.173176728,2.75350997,0,"South"
"215","TN","$75,000 or greater",36.7,0.279774678,10.26773069,54.5,0.281369863,15.33465753,32.4,0.270585189,8.766960124,24.9,0.282228999,7.027502079,43.2,0.279569892,12.07741935,14.2,0.283255941,4.022234362,1,"South"
"216","TX","$15,000 - $24,999",21,0.20681161,4.343043804,37.8,0.206817935,7.817717946,36,0.209425147,7.539305302,12.4,0.206650571,2.562467076,42.4,0.207060564,8.779367932,23.4,0.202269044,4.733095624,0,"South"
"217","TX","$25,000 - $34,999",29.2,0.125307915,3.658991111,44,0.125827815,5.536423841,35.7,0.127259801,4.543174893,19.2,0.125,2.4,44.6,0.124933939,5.572053694,19.2,0.124257158,2.385737439,0,"South"
"218","TX","$35,000 - $49,999",32.1,0.15476063,4.967816215,50.1,0.156226251,7.826935186,32.3,0.154478976,4.989670932,23.9,0.156057946,3.729784899,40.4,0.155374696,6.277137723,15.4,0.156888169,2.416077796,0,"South"
"219","TX","$50,000 - $74,999",30.4,0.167934026,5.105194388,47,0.166214309,7.812072522,29.9,0.166057282,4.965112736,20.4,0.16714223,3.409701493,42.7,0.16678998,7.121932142,20,0.167693139,3.353862777,0,"South"
"220","TX","$75,000 or greater",37.5,0.34518582,12.94446824,52.7,0.34491369,18.17695147,28.3,0.342778793,9.700639854,25.3,0.345149254,8.732276119,39.3,0.34584082,13.59154423,15.7,0.348892491,5.477612102,1,"South"
"221","UT","$15,000 - $24,999",26.8,0.131170999,3.515382781,46.3,0.130808325,6.05642546,26,0.13103122,3.406811731,17.9,0.129564049,2.319196483,43.4,0.13243147,5.74752581,24.1,0.131263486,3.163450012,0,"Western"
"222","UT","$25,000 - $34,999",31.6,0.094800859,2.995707131,52,0.093901258,4.88286544,28.5,0.094843898,2.703051088,21.3,0.094028575,2.002808646,41.2,0.094458289,3.8916815,24.5,0.093862383,2.299628386,0,"Western"
"223","UT","$35,000 - $49,999",31.4,0.158239924,4.968733604,53,0.158518877,8.401500484,27.4,0.157166509,4.306362346,21.2,0.158138967,3.352546098,37.7,0.157707369,5.945567818,21.2,0.157995684,3.349508511,0,"Western"
"224","UT","$50,000 - $74,999",35.3,0.206057715,7.273837348,57.8,0.205227493,11.86214908,24.9,0.204351939,5.088363292,26.5,0.20576383,5.452741482,36.3,0.204936514,7.439195443,19.2,0.205106689,3.93804843,0,"Western"
"225","UT","$75,000 or greater",40,0.409730503,16.38922013,62.5,0.411544046,25.7215029,21.9,0.412606433,9.036080889,30,0.412504579,12.37513738,32.5,0.410466358,13.34015664,13.4,0.411771757,5.517741549,1,"Western"
"226","VA","$15,000 - $24,999",25.5,0.152678995,3.893314367,40.3,0.15176984,6.116324551,34,0.158108319,5.375682847,15.2,0.150586701,2.288917862,47.8,0.151721949,7.252309157,31.2,0.148231511,4.624823151,0,"South"
"227","VA","$25,000 - $34,999",28.6,0.110636953,3.164216848,44.4,0.109907871,4.879909488,29.2,0.109411581,3.194818168,17.8,0.110006519,1.958116037,40.8,0.109030313,4.448436756,25.1,0.109967846,2.760192926,0,"South"
"228","VA","$35,000 - $49,999",31.9,0.142721669,4.552821242,50,0.142395345,7.119767254,32.4,0.142968628,4.632183549,22.3,0.142601043,3.180003259,42.3,0.142199651,6.015045231,20.9,0.142926045,2.987154341,0,"South"
"229","VA","$50,000 - $74,999",34.6,0.174806385,6.048300933,50,0.17455956,8.727978018,30.8,0.173091931,5.331231466,23.9,0.17535854,4.1910691,35.8,0.175527694,6.283891446,18.9,0.175080386,3.309019293,0,"South"
"230","VA","$75,000 or greater",37.1,0.419155998,15.55068753,59.2,0.421367383,24.94494909,25.2,0.416419541,10.49377244,27.2,0.421447197,11.46336375,36.2,0.421520394,15.25903825,15.1,0.423794212,6.399292605,1,"South"
"231","VT","$15,000 - $24,999",20.6,0.149647887,3.082746479,45.9,0.150089206,6.889094558,30.9,0.153616386,4.74674632,13.6,0.149041714,2.026967306,38,0.150336737,5.712796003,25.8,0.150065818,3.871698113,0,"Northeast"
"232","VT","$25,000 - $34,999",24.5,0.11993838,2.938490317,52.9,0.120651204,6.382448707,30.6,0.119266055,3.649541284,15.7,0.119729425,1.879751973,37.6,0.119704541,4.500890723,18.6,0.121105748,2.252566915,0,"Northeast"
"233","VT","$35,000 - $49,999",30.5,0.172975352,5.275748239,58.2,0.171944692,10.00718109,27.8,0.171324941,4.762833369,22.5,0.172491545,3.881059752,32,0.172496198,5.51987834,19.2,0.172444054,3.310925845,0,"Northeast"
"234","VT","$50,000 - $74,999",31,0.208626761,6.467429577,63.9,0.208073149,13.29587422,27.8,0.206742052,5.747429059,25,0.207666291,5.191657272,32.8,0.209428633,6.869259179,14.6,0.208424748,3.043001316,0,"Northeast"
"235","VT","$75,000 or greater",37.7,0.34881162,13.15019806,66.8,0.349241748,23.3293488,20.2,0.349050565,7.050821421,29.4,0.351071026,10.32148816,28.8,0.348033891,10.02337606,9.3,0.347959631,3.236024572,1,"Northeast"
"236","WA","$15,000 - $24,999",28.9,0.133402633,3.855336105,52.2,0.132486548,6.91579783,29.6,0.134040169,3.967589001,19.1,0.131976538,2.520751866,39.9,0.132297064,5.27865285,23.1,0.131289308,3.032783019,0,"Western"
"237","WA","$25,000 - $34,999",26.8,0.104989605,2.813721414,51.1,0.104877834,5.359257299,31.4,0.104732351,3.288595811,15.9,0.104337007,1.658958407,36.6,0.10492228,3.84015544,18.8,0.105171209,1.977218728,0,"Western"
"238","WA","$35,000 - $49,999",28,0.159390159,4.462924463,55.6,0.159742436,8.881679457,29.8,0.162054995,4.829238859,20.4,0.159438322,3.25254177,39.7,0.160189983,6.359542314,19,0.159853249,3.03721174,0,"Western"
"239","WA","$50,000 - $74,999",33.5,0.192567568,6.451013514,60,0.193261004,11.59566023,27.4,0.192655806,5.278769072,24.1,0.193565588,4.664930679,35.9,0.1917962,6.885483592,14.2,0.192348008,2.731341719,0,"Western"
"240","WA","$75,000 or greater",35.8,0.409650035,14.66547124,65.4,0.409632178,26.78994443,23,0.40651668,9.349883631,26.8,0.410682545,11.00629221,32.6,0.410794473,13.39189983,11.4,0.411338225,4.689255765,1,"Western"
"241","WI","$15,000 - $24,999",27.5,0.166928427,4.590531748,47.5,0.166440831,7.905939476,38.4,0.172210526,6.612884211,17.2,0.164654976,2.832065589,41.3,0.168349429,6.952831431,31.1,0.166777556,5.186781992,0,"Midwest"
"242","WI","$25,000 - $34,999",26.7,0.131254207,3.504487323,48.6,0.130984643,6.365853659,30.1,0.128842105,3.878147368,19.6,0.130721931,2.562149852,40.8,0.130377524,5.319402985,26.2,0.132623642,3.47473941,0,"Midwest"
"243","WI","$35,000 - $49,999",26,0.17321068,4.503477676,60.5,0.173215899,10.47956188,33.6,0.173263158,5.821642105,19.2,0.17353678,3.331906172,38.2,0.173178227,6.615408253,22.4,0.172987359,3.874916833,0,"Midwest"
"244","WI","$50,000 - $74,999",26,0.203724478,5.296836437,56.5,0.203026197,11.47098013,28.2,0.202526316,5.711242105,18.3,0.204053746,3.734183557,39.4,0.20215101,7.964749781,21,0.203149257,4.266134398,0,"Midwest"
"245","WI","$75,000 or greater",32.3,0.324882208,10.49369531,62.2,0.32633243,20.29787715,28.5,0.323157895,9.21,23.4,0.327032567,7.652562059,34.1,0.32594381,11.11468393,19.6,0.324462187,6.35945886,1,"Midwest"
"246","WV","$15,000 - $24,999",16.9,0.218831508,3.698252478,42.4,0.216165913,9.165434725,38.9,0.219105583,8.523207198,10.4,0.215223801,2.238327526,52.6,0.216880342,11.40790598,32.4,0.21464849,6.954611067,0,"South"
"247","WV","$25,000 - $34,999",20,0.140062598,2.801251956,49.9,0.140122308,6.992103164,41,0.139190262,5.706800741,13.1,0.140176896,1.836317341,46.7,0.139423077,6.511057692,21.9,0.140336808,3.073376103,0,"South"
"248","WV","$35,000 - $49,999",24.7,0.187793427,4.638497653,47.9,0.18877958,9.042541877,33.2,0.190791215,6.334268325,15.8,0.189225409,2.989761458,51.5,0.189102564,9.738782051,23.2,0.187383053,4.347286822,0,"South"
"249","WV","$50,000 - $74,999",18.5,0.180229525,3.334246218,50,0.179739431,8.98697155,39.4,0.180206404,7.10013231,11.8,0.179844546,2.122165639,45.7,0.181356838,8.288007479,21,0.181234964,3.805934242,0,"South"
"250","WV","$75,000 or greater",32.4,0.273082942,8.847887324,55.2,0.275192768,15.19064079,33.9,0.270706536,9.176951574,22.9,0.275529349,6.309622085,42.7,0.273237179,11.66722756,18,0.276396685,4.975140337,1,"South"
"251","WY","$15,000 - $24,999",27.3,0.171651495,4.686085826,49.8,0.167813658,8.357120169,35.9,0.173723377,6.236669233,19.5,0.168539326,3.286516854,45.1,0.169791667,7.657604167,25.9,0.168164992,4.355473295,0,"Midwest"
"252","WY","$25,000 - $34,999",34.3,0.120416125,4.130273082,53.9,0.120698782,6.505664373,31.3,0.123171671,3.855273287,26.1,0.119850187,3.128089888,48.5,0.12109375,5.873046875,26.6,0.120306716,3.200158646,0,"Midwest"
"253","WY","$35,000 - $49,999",34.1,0.17243173,5.879921977,53.8,0.172578084,9.2847009,30.1,0.168847832,5.082319733,24,0.171482076,4.115569823,41.4,0.172135417,7.12640625,17.9,0.173188789,3.100079323,0,"Midwest"
"254","WY","$50,000 - $74,999",30.5,0.194018205,5.917555267,55.9,0.19454738,10.87519852,28.6,0.19296895,5.518911984,23.2,0.1952916,4.530765115,42.6,0.193489583,8.24265625,19.7,0.194341618,3.828529878,0,"Midwest"
"255","WY","$75,000 or greater",34.7,0.341482445,11.84944083,56.5,0.344362096,19.45645844,25.2,0.34128817,8.600461894,24.7,0.344836811,8.517469235,39.4,0.343489583,13.53348958,17.3,0.343997885,5.951163406,1,"Midwest"
"256","LA","$75,000 or greater",21.3,0.19680851,2.295946,52.8,0.43691149,11.822823,40.6,0.13894812,6.222623,25.6,0.15335388,10.161504,36.9,0.48839675,6.916326,10.1,0.17822432,3.874917,1,"South"
