"","LocationAbbr","Income","perc_strength","propstrength","adjstrength","perc_cardio","propcardio","adjcardio","perc_obese","prop_obese","adjobese","perc_excer","prop_excer","adjexcer","perc_fruit","prop_fruit","adjfruit","perc_veg","prop_veg","adjveg"
"1","AK","$15,000 - $24,999",38.6,0.132171387073348,5.10181554103123,51.7,0.130627306273063,6.75343173431734,31,0.138948116560057,4.30739161336176,24.8,0.129297458893871,3.20657698056801,43.5,0.131796903132877,5.73316528628016,27.5,0.132165023731289,3.63453815261044
"2","AK","$25,000 - $34,999",30.7,0.0951343500363108,2.92062454611474,55.8,0.0937269372693727,5.229963099631,26,0.0955934612651031,2.48542999289268,25.8,0.0941704035874439,2.42959641255605,42.2,0.0968671227943824,4.08779258192294,17.3,0.094925155166119,1.64220518437386
"3","AK","$35,000 - $49,999",34.6,0.131445170660857,4.54800290486565,59.6,0.131734317343173,7.85136531365314,31.7,0.130774697938877,4.1455579246624,22.8,0.131539611360239,2.99910313901345,45.1,0.133237306445805,6.0090025207058,15.9,0.132530120481928,2.10722891566265
"4","AK","$50,000 - $74,999",31.5,0.181554103122731,5.71895424836601,59.1,0.183394833948339,10.8386346863469,29,0.181947405828003,5.27647476901208,23.9,0.182735426008969,4.36737668161435,38,0.180770615772416,6.86928339935182,14.6,0.181087988316904,2.6438846294268
"5","AK","$75,000 or greater",35.4,0.459694989106754,16.2732026143791,63.9,0.460516605166052,29.4270110701107,30.8,0.45273631840796,13.9442786069652,26.6,0.462257100149477,12.2960388639761,35.9,0.457328051854519,16.4180770615772,15.3,0.45929171230376,7.02716319824754
"6","AL","$15,000 - $24,999",21,0.249050569658205,5.23006196282231,39.3,0.247311827956989,9.71935483870968,39.3,0.252178965717606,9.91063335270192,11.7,0.248261758691207,2.90466257668712,50.3,0.245954045954046,12.3714885114885,34.2,0.245325203252033,8.39012195121951
"7","AL","$25,000 - $34,999",23.9,0.12972216669998,3.10035978412952,43.1,0.130046662609048,5.60501115844999,38.8,0.132287429788882,5.13275227580864,15.5,0.129652351738241,2.00961145194274,53.6,0.128271728271728,6.87536463536464,30.5,0.128658536585366,3.92408536585366
"8","AL","$35,000 - $49,999",28.6,0.165100939436338,4.72188686787927,44.2,0.16331913166971,7.21870561980118,36.5,0.163277164439279,5.9596165020337,18.9,0.16359918200409,3.0920245398773,45.1,0.164835164835165,7.43406593406593,25.2,0.164837398373984,4.15390243902439
"9","AL","$50,000 - $74,999",29.9,0.176094343393964,5.26522086747951,49.2,0.176709271657537,8.69409616555082,34.6,0.175866744141003,6.08498934727871,21.9,0.176687116564417,3.86944785276074,45.1,0.178221778221778,8.0378021978022,18.7,0.178658536585366,3.34091463414634
"10","AL","$75,000 or greater",31.8,0.280031980811513,8.90501698980612,51.3,0.282613106106715,14.4980523432745,32.7,0.276389695913229,9.03794305636258,22.1,0.281799591002045,6.2277709611452,44.7,0.282717282717283,12.6374625374625,18.8,0.282520325203252,5.31138211382114
"11","AR","$15,000 - $24,999",21.3,0.245984251968504,5.23946456692913,37.4,0.244365743721829,9.13927881519639,32.6,0.242487980769231,7.90510817307692,12.3,0.245276872964169,3.01690553745928,53.3,0.241658871219208,12.8804178359838,33.9,0.241761723700887,8.19572243346007
"12","AR","$25,000 - $34,999",16.7,0.150236220472441,2.50894488188976,34.1,0.149066323245332,5.08316162266581,32.5,0.154747596153846,5.029296875,11.2,0.14885993485342,1.66723127035831,57.5,0.151543498596819,8.71375116931712,28.1,0.151140684410646,4.24705323193916
"13","AR","$35,000 - $49,999",31.3,0.183307086614173,5.73751181102362,49,0.18254990341275,8.94494526722473,37.3,0.181790865384615,6.78079927884615,16.9,0.182410423452769,3.08273615635179,50.1,0.183037106329903,9.17015902712816,23.4,0.182826362484157,4.27813688212928
"14","AR","$50,000 - $74,999",28.4,0.168188976377953,4.77656692913386,48.4,0.169349645846748,8.19652285898261,36.7,0.169170673076923,6.20856370192308,18.9,0.169055374592834,3.19514657980456,44.2,0.169317118802619,7.48381665107577,28.7,0.169518377693283,4.86517743979721
"15","AR","$75,000 or greater",29.5,0.252283464566929,7.44236220472441,55.4,0.254668383773342,14.1086284610431,30,0.251802884615385,7.55408653846154,21.1,0.254397394136808,5.36778501628665,44.9,0.25444340505145,11.4245088868101,20.1,0.254752851711027,5.12053231939164
"16","AZ","$15,000 - $24,999",27.2,0.196808510638298,5.3531914893617,46.9,0.19643215073161,9.21266786931249,33.5,0.197793837961202,6.62609357170027,17.9,0.195413961038961,3.4979099025974,43.3,0.196807475180066,8.52176367529687,22.4,0.195160650535502,4.37159857199524
"17","AZ","$25,000 - $34,999",26.2,0.11859732072498,3.10724980299448,52.3,0.119262377229906,6.23742232912407,28,0.120007607455306,3.36021300874857,19.7,0.118912337662338,2.34257305194805,40.1,0.118162351567062,4.73831029783921,18.9,0.118008726695756,2.23036493454978
"18","AZ","$35,000 - $49,999",34.6,0.171394799054374,5.93026004728132,52.8,0.171176588494688,9.03812387251954,28.4,0.173069608216052,4.91517687333587,24.4,0.170251623376623,4.15413961038961,38.1,0.172279540587892,6.56385049639868,21.3,0.170170567235224,3.62463308211027
"19","AZ","$50,000 - $74,999",32.8,0.174940898345154,5.73806146572104,57.5,0.177189817598717,10.1884145119262,30.5,0.174210726511982,5.31342715861544,20.9,0.177556818181818,3.7109375,37.8,0.175004866653689,6.61518395950944,20.7,0.177310591035303,3.67032923443078
"20","AZ","$75,000 or greater",37.5,0.338258471237195,12.6846926713948,60.8,0.335939065945079,20.4250952094608,24.8,0.334918219855458,8.30597185241537,27.2,0.33786525974026,9.18993506493506,35.3,0.337745766011291,11.9224255401986,15.9,0.339349464498215,5.39565648552162
"21","CA","$15,000 - $24,999",28.4,0.157730283714536,4.47954005749281,50.7,0.156559949780289,7.93758945386064,28.5,0.157417102966841,4.48638743455497,18.8,0.156969390336453,2.95102453832532,34.5,0.159093662910457,5.48873137041076,20.8,0.158953474021967,3.30623225965692
"22","CA","$25,000 - $34,999",31.2,0.113360829896263,3.5368578927634,52.8,0.114124293785311,6.02576271186441,30.2,0.113205351948807,3.41880162885398,21,0.113837591702504,2.39058942575259,36.6,0.112928632012601,4.13318793166121,20.7,0.112550907071455,2.32980377637912
"23","CA","$35,000 - $49,999",34.6,0.13535808023997,4.68338957630296,55.3,0.135467671060891,7.49136220966729,27.4,0.134729493891798,3.69158813263525,23.2,0.135213761699975,3.13695927143941,36.9,0.135950563431479,5.01657579062159,21.5,0.13525854621745,2.90805874367518
"24","CA","$50,000 - $74,999",34.5,0.156355455568054,5.39426321709786,57.8,0.156936597614564,9.07093534212178,25.4,0.158347876672484,4.02203606748109,23.2,0.156589931697445,3.63288641538072,36.3,0.156064461407973,5.66513994910941,17.9,0.156115019128718,2.79445884240405
"25","CA","$75,000 or greater",38.6,0.437195350581177,16.8757405324334,64.6,0.436911487758945,28.2244821092279,19.1,0.43630017452007,8.33333333333333,28.1,0.437389324563623,12.2906400202378,33.8,0.435962680237489,14.7355385920271,13.1,0.43712205356041,5.72629890164137
"26","CO","$15,000 - $24,999",29.6,0.152757977848448,4.52163614431407,55.7,0.152263374485597,8.48106995884774,22.5,0.154076986754967,3.46673220198676,22.1,0.151059773466412,3.33842099360772,38.8,0.154680991010743,6.00162245121684,24.4,0.153300055463117,3.74052135330006
"27","CO","$25,000 - $34,999",31.6,0.108674196732098,3.43410461673429,55.4,0.109220331442554,6.05080636191747,23.7,0.108754139072848,2.57747309602649,21.5,0.108893125490636,2.34120219804867,38.6,0.107761455821092,4.15959219469415,21.3,0.108485856905158,2.31074875207987
"28","CO","$35,000 - $49,999",34.8,0.160982563877618,5.60219322294111,58,0.161717272828384,9.37960182404627,21.5,0.159561258278146,3.43056705298013,25.6,0.161040708758551,4.12264214421891,36.9,0.162464371848279,5.99493532120149,16.3,0.161397670549085,2.63078202995008
"29","CO","$50,000 - $74,999",34.7,0.186314288847461,6.46510582300691,63.5,0.186186186186186,11.8228228228228,21.9,0.183671357615894,4.02240273178808,25.6,0.186721991701245,4.78008298755187,34.2,0.184718263538698,6.31736461302346,15.6,0.185690515806988,2.89677204658902
"30","CO","$75,000 or greater",41.6,0.391270972694374,16.276872464086,69.1,0.39061283505728,26.991346902458,17.4,0.393936258278146,6.85449089403973,32.5,0.392284400583156,12.7492430189526,33.1,0.390374917781188,12.9214097785573,12,0.391125901275652,4.69351081530782
"31","CT","$15,000 - $24,999",26.9,0.140427164599054,3.77749072771454,45.2,0.139335755059678,6.29797612869746,32.1,0.143634385201306,4.61066376496192,16.9,0.139194139194139,2.35238095238095,39,0.140713655276762,5.48783255579372,25.1,0.139941319045797,3.5125271080495
"32","CT","$25,000 - $34,999",25.5,0.090037089141834,2.29594577311677,47.3,0.0900363258951739,4.25871821484172,29.1,0.0916455084028533,2.66688429452303,17.1,0.0894819466248038,1.53014128728414,36.9,0.0895221283570798,3.30336653637625,18.1,0.0894246715142238,1.61858655440745
"33","CT","$35,000 - $49,999",24.4,0.122138380867119,2.98017649315769,52.7,0.122470160871821,6.45417747794499,27.7,0.1240478781284,3.43612622415669,18,0.122056514913658,2.19701726844584,36,0.121422267053335,4.37120161392006,22,0.121826763617808,2.68018879959178
"34","CT","$50,000 - $74,999",31,0.161145926589078,4.99552372426141,57.8,0.160742086144266,9.29089257913856,25.2,0.161890944263088,4.07965179542981,21,0.160779696493982,3.37637362637363,36.8,0.162274618585298,5.97170596393897,19.9,0.161882893226177,3.22146957520092
"35","CT","$75,000 or greater",36.7,0.486251438802916,17.845427804067,61.6,0.487415672029061,30.0248053969901,22.6,0.478781284004353,10.8204570184984,25.7,0.488487702773417,12.5541339612768,31.3,0.486067330727525,15.2139074517715,12.5,0.486924352595994,6.08655440744993
"36","DC","$15,000 - $24,999",24,0.1298751950078,3.11700468018721,59.8,0.127540852929454,7.62694300518135,30.3,0.135105204872647,4.0936877076412,20.3,0.126260588947156,2.56308995562727,43.7,0.12901975978303,5.6381635025184,30.5,0.130775254502741,3.98864526233359
"37","DC","$25,000 - $34,999",28.6,0.0791731669266771,2.26435257410296,57.7,0.0773216420884815,4.46145874850538,19.8,0.0860095976375046,1.70299003322259,23.7,0.0770471964501815,1.8260185558693,37.5,0.0802014722975591,3.00755521115847,27.9,0.0794831636648395,2.21758026624902
"38","DC","$35,000 - $49,999",33.6,0.103354134165367,3.47269890795632,57.7,0.103228377839777,5.95627740135512,27.8,0.104466592838686,2.90417128091547,25,0.102864058087939,2.57160145219847,48.8,0.103060829135994,5.0293684618365,20.8,0.101801096319499,2.11746280344558
"39","DC","$50,000 - $74,999",37.9,0.130655226209048,4.95183307332293,50.5,0.133120765245118,6.72259864487844,23.9,0.133259505352529,3.18490217792543,13.8,0.131504638967326,1.81476401774909,32,0.130956993413406,4.19062378922898,14.2,0.131166797180893,1.86256851996868
"40","DC","$75,000 or greater",42.6,0.556942277691108,23.7257410296412,69.5,0.55878836189717,38.8357911518533,12.5,0.541159099298634,6.76448874123293,33.2,0.562323517547398,18.6691407825736,32.7,0.556760945370012,18.2060829135994,10.1,0.556773688332028,5.62341425215349
"41","DE","$15,000 - $24,999",29,0.18682505399568,5.41792656587473,35.3,0.18640350877193,6.58004385964912,40.6,0.190135811293781,7.71951393852752,13.6,0.185144124168514,2.5179600886918,41.3,0.185238784370478,7.65036179450072,26.6,0.183726067746686,4.88711340206186
"42","DE","$25,000 - $34,999",36.3,0.129589632829374,4.70410367170626,48,0.128289473684211,6.15789473684211,33.2,0.129735525375268,4.3072194424589,20.9,0.127864005912786,2.67235772357724,40.9,0.128437047756874,5.25307525325615,19.2,0.126288659793814,2.42474226804124
"43","DE","$35,000 - $49,999",31.2,0.155507559395248,4.85183585313175,48.2,0.156067251461988,7.52244152046784,31.1,0.156897784131523,4.87952108649035,18.7,0.155580192165558,2.90934959349593,38.4,0.158465991316932,6.08509406657019,21,0.153902798232695,3.2319587628866
"44","DE","$50,000 - $74,999",27.3,0.172786177105832,4.7170626349892,47.3,0.172880116959064,8.17722953216374,30.2,0.168334524660472,5.08370264474625,19.1,0.173318551367332,3.31038433111604,39.8,0.171852387843705,6.83972503617945,21,0.174521354933726,3.66494845360825
"45","DE","$75,000 or greater",37.5,0.355291576673866,13.32343412527,60.1,0.356359649122807,21.4172149122807,26,0.354896354538956,9.22730521801287,28.1,0.358093126385809,10.0624168514412,33.2,0.356005788712012,11.8193921852388,14.5,0.361561119293078,5.24263622974963
"46","FL","$15,000 - $24,999",25.2,0.198563130541119,5.0037908896362,47,0.197513597513598,9.28313908313908,30,0.205079825834543,6.15239477503628,17.4,0.195979899497487,3.41005025125628,40.8,0.200150943396226,8.16615849056604,27.7,0.199846743295019,5.53575478927203
"47","FL","$25,000 - $34,999",28.4,0.123968205441761,3.52069703454601,47.7,0.124164724164724,5.92265734265734,28.7,0.122931785195936,3.52814223512337,16.9,0.123900753768844,2.09392273869347,44.4,0.12422641509434,5.51565283018868,23.1,0.123218390804598,2.84634482758621
"48","FL","$35,000 - $49,999",29.9,0.173035768878019,5.17376948945277,49.5,0.171872571872572,8.50769230769231,29.1,0.172568940493469,5.02175616835994,19.3,0.172424623115578,3.32779522613065,34.8,0.17177358490566,5.97772075471698,19.5,0.170574712643678,3.32620689655172
"49","FL","$50,000 - $74,999",37.1,0.173188627331091,6.42529807398349,56.3,0.175291375291375,9.86890442890443,27.1,0.171843251088534,4.65695210449927,24.4,0.175251256281407,4.27613065326633,35.3,0.174188679245283,6.14886037735849,16.7,0.173793103448276,2.90234482758621
"50","FL","$75,000 or greater",41,0.33124426780801,13.5810149801284,60.4,0.331157731157731,20.001926961927,24,0.327576197387518,7.86182873730043,30.4,0.332443467336683,10.1062814070352,35.6,0.329660377358491,11.7359094339623,14.9,0.332567049808429,4.95524904214559
"51","GA","$15,000 - $24,999",24.8,0.217864205669084,5.40303230059328,38.8,0.217680292455965,8.44599534729146,37.1,0.220209723546234,8.1697807435653,14,0.216252518468771,3.02753525856279,45.9,0.217990807616546,10.0057780695995,30.9,0.216323822163238,6.68440610484406
"52","GA","$25,000 - $34,999",27,0.123928806855636,3.34607778510218,50.7,0.125290794283815,6.35224327018943,30.8,0.125834127740705,3.87569113441373,18.1,0.124916051040967,2.2609805238415,47.4,0.123768877216021,5.8666447800394,28.8,0.124751161247512,3.59283344392833
"53","GA","$35,000 - $49,999",27.9,0.152933421226104,4.26684245220831,44.7,0.151213027583915,6.759222333001,33.8,0.152843978392119,5.16612646965364,15.3,0.151108126259234,2.31195433176629,41.7,0.152330925804334,6.35219960604071,23.7,0.151625746516257,3.5935301924353
"54","GA","$50,000 - $74,999",25.9,0.17139090309822,4.4390243902439,54.7,0.17082087072117,9.34390162844799,33.2,0.170320940578329,5.65465522720051,18.5,0.170584284754869,3.15580926796508,47.2,0.17268548916612,8.15075508864084,20.4,0.173523556735236,3.53988055739881
"55","GA","$75,000 or greater",39.9,0.333882663150956,13.3219182597231,55.3,0.334995014955135,18.5252243270189,24.6,0.330791229742612,8.13746425166826,25.6,0.337139019476158,8.63075889858966,39.5,0.33322390019698,13.1623440577807,14.9,0.333775713337757,4.97325812873258
"56","HI","$15,000 - $24,999",32.2,0.157934131736527,5.08547904191617,56.4,0.157430020665039,8.87905316550817,22.3,0.163222045574987,3.6398516163222,22.3,0.157347941065357,3.50885908575746,43,0.158194164066801,6.80234905487245,23.8,0.157140197356172,3.73993669707689
"57","HI","$25,000 - $34,999",33,0.119947604790419,3.95827095808383,53.8,0.11985722337028,6.44831861732106,23.3,0.119413531178237,2.78233527645292,21.6,0.119947109935776,2.59085757461277,39.3,0.120572582125161,4.73850247751881,21,0.119158443492832,2.50232731334947
"58","HI","$35,000 - $49,999",32.9,0.153255988023952,5.04212200598802,60.6,0.153860604922036,9.32395265827541,23.7,0.152799858682212,3.62135665076842,24.4,0.153947865508122,3.75632791839819,43.1,0.152321526885667,6.56505780877225,24.2,0.153230310929064,3.70817352448334
"59","HI","$50,000 - $74,999",31.3,0.184693113772455,5.78089446107784,53.8,0.18523389066316,9.965583317678,24.7,0.183006535947712,4.5202614379085,20.7,0.185304117869286,3.83579523989422,36.1,0.184437511469994,6.6581941640668,20.5,0.185067957549805,3.79389312977099
"60","HI","$75,000 or greater",36,0.384169161676647,13.8300898203593,60.7,0.383618260379485,23.2856284050348,21.6,0.381558028616852,8.24165341812401,26.5,0.383452965621458,10.1615035889686,40.7,0.384474215452377,15.6481005689117,16.3,0.385403090672128,6.28207037795569
"61","IA","$15,000 - $24,999",24.8,0.157204252431577,3.8986654603031,42.9,0.156099794003204,6.69668116273747,35.1,0.161900472866472,5.68270659761315,16,0.155883030163481,2.4941284826157,45.9,0.156376746282109,7.17769265434881,32.7,0.155160628844839,5.07375256322625
"62","IA","$25,000 - $34,999",22,0.119882379552138,2.63741235014703,44.6,0.119707026779583,5.33893339436942,38.7,0.120468362981311,4.66212564737672,13.6,0.118811881188119,1.61584158415842,37.4,0.118972510139703,4.44957187922488,25.1,0.118478013214855,2.97379813169287
"63","IA","$35,000 - $49,999",27.9,0.180275955666139,5.02969916308527,42.6,0.181048294804303,7.71265735866331,33.9,0.178338212114389,6.04566539067778,15.4,0.180980888786553,2.78710568731292,44.3,0.180937359170798,8.01552501126634,31.2,0.180678970152654,5.63718386876282
"64","IA","$50,000 - $74,999",27.9,0.197466636507577,5.50931915856141,50.4,0.197985809109636,9.97848477912566,38,0.196802521954515,7.47849583427156,17.2,0.197559290812802,3.3980198019802,42.4,0.198738170347003,8.42649842271293,24.8,0.199817726133516,4.95547960811119
"65","IA","$75,000 or greater",38.7,0.34517077584257,13.3581090251074,57.2,0.345159075303273,19.7430991073472,28,0.342490430083315,9.58973204233281,27.6,0.346764909049044,9.57071148975363,39.8,0.344975214060388,13.7300135196034,21.2,0.345864661654135,7.33233082706767
"66","ID","$15,000 - $24,999",24.6,0.184123222748815,4.52943127962085,47.9,0.185114045618247,8.86696278511405,35.2,0.186160298229264,6.55284249767008,16.3,0.183163512857836,2.98556525958273,40.8,0.184402161146347,7.52360817477097,23.7,0.184702817901965,4.37745678427658
"67","ID","$25,000 - $34,999",26.6,0.157109004739337,4.17909952606635,50.4,0.156542617046819,7.88974789915966,30.3,0.156104380242311,4.72996272134203,18.3,0.157205240174672,2.87685589519651,42.8,0.156213295748179,6.68592905802208,18.6,0.155576604309732,2.89372484016102
"68","ID","$35,000 - $49,999",24.3,0.185781990521327,4.51450236966825,56.8,0.183673469387755,10.4326530612245,34.5,0.183597390493942,6.33410997204101,17.1,0.184376516254246,3.1528384279476,37.6,0.185811604416256,6.98651632605121,16.2,0.184229220932986,2.98451337911437
"69","ID","$50,000 - $74,999",35.1,0.198341232227488,6.96177725118483,56.3,0.200720288115246,11.3005522208884,26.8,0.19757688723206,5.2950605778192,24.8,0.200145560407569,4.96360989810772,36.2,0.201080573173596,7.27911674888419,14,0.201278711816244,2.81790196542742
"70","ID","$75,000 or greater",36.9,0.274644549763033,10.1343838862559,62.5,0.273949579831933,17.1218487394958,22.5,0.276561043802423,6.22262348555452,28.4,0.275109170305677,7.81310043668122,35.8,0.272492365515621,9.75522668545924,12.4,0.274212645039072,3.40023679848449
"71","IL","$15,000 - $24,999",22.2,0.165311004784689,3.6699043062201,42.7,0.165585195866378,7.07048786349435,36.1,0.172557172557173,6.22931392931393,15.4,0.165139826422372,2.54315332690453,45.1,0.168124852210925,7.5824308347127,31.7,0.166189111747851,5.26819484240688
"72","IL","$25,000 - $34,999",30.6,0.108851674641148,3.33086124401914,44.6,0.109348714251382,4.87695265561163,30.1,0.109032109032109,3.28186648186648,18.9,0.109450337512054,2.06861137897782,41.9,0.107590446914164,4.50803972570348,25.7,0.107449856733524,2.76146131805158
"73","IL","$35,000 - $49,999",30.7,0.150956937799043,4.63437799043062,47.8,0.151405912040375,7.23720259552992,27.8,0.150612150612151,4.18701778701779,18.5,0.150916104146577,2.79194792671167,37,0.150153700638449,5.55568692362261,21.5,0.151623686723973,3.25990926456543
"74","IL","$50,000 - $74,999",31,0.164354066985646,5.09497607655502,52.6,0.164864215332853,8.67185772650805,31.6,0.164934164934165,5.21191961191961,21.4,0.164898746383799,3.52883317261331,37.1,0.165523764483329,6.14093166233152,22.5,0.165472779369628,3.72313753581662
"75","IL","$75,000 or greater",38.5,0.410526315789474,15.8052631578947,57,0.408795962509012,23.3013698630137,28.4,0.402864402864403,11.441349041349,27.6,0.409594985535198,11.3048216007715,34.8,0.408607235753133,14.219531804209,19.3,0.409264565425024,7.89880611270296
"76","IN","$15,000 - $24,999",24.5,0.193952279707064,4.75183085282306,39,0.190854392298436,7.44332129963899,34,0.195177434030937,6.63603275705186,14.1,0.19047619047619,2.68571428571429,44.9,0.190977092099112,8.57487143525012,35.9,0.189819219790676,6.81450999048525
"77","IN","$25,000 - $34,999",20.4,0.121426884006615,2.47710843373494,38.4,0.121058965102286,4.6486642599278,38.1,0.123521383075523,4.70616469517743,10.3,0.120991253644315,1.24620991253644,43.8,0.121084618980832,5.30350631136045,32.2,0.120837297811608,3.89096098953378
"78","IN","$35,000 - $49,999",24.8,0.184266477675408,4.56980864635011,39.5,0.186281588447653,7.35812274368231,29.6,0.185395814376706,5.4877161055505,13.6,0.185131195335277,2.51778425655977,43,0.18560074801309,7.98083216456288,27.4,0.185775451950523,5.09024738344434
"79","IN","$50,000 - $74,999",29.5,0.18781006378455,5.54039688164422,47.9,0.187003610108303,8.95747292418772,33.9,0.184713375796178,6.26178343949045,16.5,0.188289601554908,3.10677842565598,44.1,0.186769518466573,8.23653576437588,20.7,0.188867745004757,3.90956232159848
"80","IN","$75,000 or greater",35.8,0.312544294826364,11.1890857547838,53.1,0.314801444043321,16.7159566787004,28.4,0.311191992720655,8.83785259326661,22.4,0.31511175898931,7.05850340136054,36.9,0.315568022440393,11.6444600280505,18.2,0.314700285442436,5.72754519505233
"81","KS","$15,000 - $24,999",25.7,0.166988838311405,4.29161314460311,43.2,0.16700353713997,7.21455280444669,37.7,0.16799758015729,6.33350877192983,15.9,0.165902140672783,2.63784403669725,47,0.16737984496124,7.86685271317829,26.3,0.166056088933805,4.36727513895907
"82","KS","$25,000 - $34,999",24.7,0.120034919249236,2.96486250545613,45.2,0.11899949469429,5.37877716018191,38,0.11978221415608,4.55172413793103,16.5,0.119074923547401,1.96473623853211,46.8,0.119317829457364,5.58407441860465,23.2,0.119567963617989,2.77397675593734
"83","KS","$35,000 - $49,999",30.1,0.171104321257093,5.1502400698385,51.1,0.170919656392117,8.73399444163719,37.3,0.172474289171204,6.4332909860859,20.9,0.170871559633028,3.57121559633027,44.6,0.171720930232558,7.65875348837209,23.1,0.170351187468418,3.93511243052047
"84","KS","$50,000 - $74,999",29.7,0.199102076448214,5.91333167051194,52.7,0.198585144012127,10.4654370894391,34.3,0.197580157289776,6.77699939503932,20.1,0.198585626911315,3.99157110091743,43.2,0.198139534883721,8.55962790697675,17.5,0.199974734714502,3.49955785750379
"85","KS","$75,000 or greater",34.5,0.342769844734053,11.8255596433248,58.4,0.344492167761496,20.1183425972714,31,0.34216575922565,10.6071385359952,23.9,0.345565749235474,8.25902140672783,39.1,0.343441860465116,13.428576744186,16.3,0.344050025265285,5.60801541182415
"86","KY","$15,000 - $24,999",24.3,0.155272305909618,3.77311703360371,38.7,0.153520131857782,5.94122910289616,41.2,0.15625,6.4375,9.9,0.153353875325907,1.51820336572648,51.8,0.154639175257732,8.01030927835052,25.2,0.155192532088681,3.91085180863477
"87","KY","$25,000 - $34,999",25.6,0.137427578215527,3.5181460023175,42.8,0.136566988462444,5.84506710619261,39,0.138714028776978,5.40984712230216,16.3,0.136999288931026,2.23308840957573,47.6,0.138831615120275,6.60838487972509,29.7,0.135355892648775,4.02007001166861
"88","KY","$35,000 - $49,999",28.8,0.164774044032445,4.74549246813442,42.1,0.165764068754415,6.97866729456087,33.6,0.16591726618705,5.57482014388489,16,0.164730978904954,2.63569566247926,49.4,0.167010309278351,8.25030927835051,23.3,0.164994165694282,3.84436406067678
"89","KY","$50,000 - $74,999",28.2,0.215758980301275,6.08440324449594,45.4,0.216152578290558,9.81332705439134,35.7,0.213803956834532,7.63280125899281,18.3,0.216639013984356,3.96449395591372,48.9,0.212600229095074,10.3961512027491,22.7,0.21610268378063,4.9055309218203
"90","KY","$75,000 or greater",36.2,0.326767091541136,11.8289687137891,59.6,0.327996232634801,19.5485754650341,35.4,0.325314748201439,11.5161420863309,26.5,0.328276842853757,8.69933633562455,39.6,0.326918671248568,12.9459793814433,14.6,0.328354725787631,4.79397899649942
"91","LA","$15,000 - $24,999",22.1,0.239754098360656,5.29856557377049,41.2,0.23841059602649,9.82251655629139,41.3,0.24385447394297,10.0711897738446,15.1,0.23775977456851,3.5901725959845,49.5,0.240095628415301,11.8847336065574,39.6,0.239265927977839,9.47493074792244
"92","LA","$25,000 - $34,999",21.3,0.127390710382514,2.71342213114754,46.3,0.125479261066574,5.80968978738236,40,0.129793510324484,5.19174041297935,15.6,0.126100739697076,1.96717153927439,40.6,0.127390710382514,5.17206284153005,30.2,0.125,3.775
"93","LA","$35,000 - $49,999",27.3,0.159153005464481,4.34487704918033,47.1,0.156151969327292,7.35475775531544,35.8,0.15732546705998,5.63225172074729,19.9,0.156745332863684,3.11923212398732,55.1,0.156762295081967,8.63760245901639,30.4,0.157202216066482,4.77894736842105
"94","LA","$50,000 - $74,999",31.8,0.161885245901639,5.14795081967213,50.4,0.163820146392471,8.25653537818055,34.2,0.160603080957063,5.49262536873156,20.9,0.163085593518845,3.40848890454385,47.1,0.162568306010929,7.65696721311475,24.6,0.163781163434903,4.02901662049861
"95","LA","$75,000 or greater",32.2,0.31181693989071,10.0405054644809,51.9,0.316138027187173,16.4075636110143,32.7,0.308423467715503,10.085447394297,21.8,0.316308559351884,6.89552659387108,53.6,0.31318306010929,16.7866120218579,21.6,0.314750692520776,6.79861495844875
"96","MA","$15,000 - $24,999",24.5,0.160242005185825,3.92592912705272,44.2,0.160519845451352,7.09497716894977,30.1,0.165161714004269,4.97136759152848,16.5,0.159099034680014,2.62513407222024,33.5,0.157921635434412,5.29037478705281,26.6,0.158204817189395,4.20824813723791
"97","MA","$25,000 - $34,999",25.7,0.0980121002592913,2.51891097666379,39.2,0.097119775201967,3.80709518791711,28.7,0.0993268757182729,2.85068133311443,16.4,0.0977833392920987,1.60364676439042,30.3,0.0984667802385008,2.98354344122658,23.5,0.0953041067405996,2.23964650840409
"98","MA","$35,000 - $49,999",31,0.132238547968885,4.09939498703544,48.5,0.131893220934317,6.39682121531437,27.4,0.133475619766869,3.65723198161221,18.8,0.131033249910619,2.46342509831963,34.4,0.132197614991482,4.54759795570698,28.3,0.131692947496101,3.72691041413966
"99","MA","$50,000 - $74,999",32.5,0.152636127917027,4.96067415730337,53.1,0.152792413066386,8.11327713382508,26.8,0.151863405023806,4.06993925463799,21.3,0.152306042188059,3.24411869860565,30.4,0.154003407155026,4.68170357751278,13.9,0.155605614278288,2.1629180384682
"100","MA","$75,000 or greater",38.6,0.456871218668971,17.6352290406223,61.2,0.457674745345978,28.0096944151739,19.3,0.450172385486784,8.68832703989493,27.4,0.45977833392921,12.5979263496603,32.2,0.457410562180579,14.7286201022147,11.1,0.459192514295616,5.09703690868134
"101","MD","$15,000 - $24,999",28.2,0.123455323193916,3.48144011406844,48.1,0.123226197695573,5.92718010915707,29.2,0.12806916426513,3.73961959654179,18.4,0.121532040265161,2.23618954087896,37.3,0.125103074567087,4.66634468135234,27.3,0.122685461713057,3.34931310476646
"102","MD","$25,000 - $34,999",30,0.0906606463878327,2.71981939163498,49.3,0.0904790782292298,4.46061855670103,33.7,0.0942939481268012,3.1777060518732,16.8,0.0902283329241345,1.51583599312546,29.1,0.0901166215101897,2.62239368594652,23.8,0.088042049934297,2.09540078843627
"103","MD","$35,000 - $49,999",28,0.134030418250951,3.75285171102662,53.8,0.135718617343845,7.30166161309885,36.4,0.136945244956772,4.98480691642651,19.9,0.135281119567886,2.69209427940093,35.7,0.133113440923548,4.75214984097067,23.6,0.133317405327918,3.14629076573886
"104","MD","$50,000 - $74,999",35.3,0.163616920152091,5.77567728136882,50.6,0.162886597938144,8.2420618556701,32.7,0.161268011527378,5.27346397694525,23.1,0.164006874539651,3.78855880186595,35.9,0.16327011426552,5.86139710213217,16.2,0.163421335563254,2.64742563612472
"105","MD","$75,000 or greater",37.4,0.488236692015209,18.2600522813688,59.7,0.487689508793208,29.1150636749545,24,0.479423631123919,11.5061671469741,27.5,0.488951632703167,13.4461698993371,34,0.488396748733655,16.6054894569443,15.1,0.492533747461474,7.43725958666826
"106","ME","$15,000 - $24,999",25.9,0.188437775816417,4.88053839364519,46.8,0.186764048293337,8.74055746012819,33.4,0.190689605320226,6.36903281769553,16.2,0.186636636636637,3.02351351351351,42.5,0.188249049985384,8.00058462437884,24.7,0.188247453122693,4.64971209213052
"107","ME","$25,000 - $34,999",25.9,0.12606649014416,3.26512209473375,52,0.12624832314801,6.56491280369653,30.2,0.126355356368368,3.81593176232471,17.7,0.125525525525526,2.2218018018018,32.1,0.12540192926045,4.02540192926045,20.7,0.125498302081795,2.59781485309316
"108","ME","$35,000 - $49,999",24.3,0.172844954398352,4.20013239187996,54.6,0.17111342972127,9.34279326278134,30.3,0.173485615151077,5.25661413907763,16.1,0.171171171171171,2.75585585585586,37.5,0.173779596609179,6.5167348728442,15.8,0.173482946995423,2.74103056252768
"109","ME","$50,000 - $74,999",31.1,0.199764636657841,6.21268020005884,58.8,0.201222238783723,11.8318676404829,30.1,0.198641029347983,5.9790949833743,22.3,0.201351351351351,4.49013513513514,33.2,0.200818474130371,6.66717334112833,14.3,0.201535508637236,2.88195777351248
"110","ME","$75,000 or greater",34.2,0.31288614298323,10.7007060900265,61.9,0.314651960053659,19.4769563273215,24.7,0.310828393812346,7.67746132716496,24.1,0.315315315315315,7.5990990990991,27.4,0.311750950014616,8.54197603040047,10.1,0.311235789162852,3.14348147054481
"111","MI","$15,000 - $24,999",24.4,0.162955945049739,3.97612505921364,50.9,0.161811779769526,8.23621959026888,36.2,0.164511606169185,5.95532014332451,15.9,0.161695953570853,2.57096566177656,44.1,0.161437805454832,7.1194072205581,28.4,0.161423578010804,4.58442961550683
"112","MI","$25,000 - $34,999",25.8,0.120953734407074,3.12060634770251,45,0.119718309859155,5.38732394366197,36.1,0.123227917121047,4.44852780806979,15.9,0.11881347734967,1.88913428985975,42,0.12218193283935,5.13164117925272,29.7,0.121067683508103,3.59571020019066
"113","MI","$35,000 - $49,999",26.9,0.164850781620085,4.43448602558029,51.2,0.164532650448143,8.42407170294494,34,0.163576881134133,5.56161395856052,17.5,0.164758987586652,2.8832822827664,37.3,0.163487308844395,6.09807661989595,23.4,0.163806800127105,3.83307912297426
"114","MI","$50,000 - $74,999",31,0.187588820464235,5.81525343439128,53.9,0.18854033290653,10.162323943662,33.5,0.186477644492912,6.24700109051254,21.6,0.188134773496695,4.06371110752861,39.1,0.188554311839823,7.3724735929371,22.9,0.188433428662218,4.31512551636479
"115","MI","$75,000 or greater",34.9,0.363650718458866,12.6914100742144,58.9,0.365396927016645,21.5218790012804,27,0.362205951082723,9.77956067923353,24,0.366596807996131,8.79832339190714,36.4,0.364338641021599,13.2619265331862,17.8,0.36526850969177,6.5017794725135
"116","MN","$15,000 - $24,999",28.5,0.135786494136676,3.86991508289527,48.9,0.134935608235584,6.59835124272004,31.1,0.136979709680006,4.2600689710482,18.2,0.13432340496142,2.44468597029785,44.2,0.135132957292506,5.97287671232877,28.5,0.13314262362076,3.79456477319166
"117","MN","$25,000 - $34,999",30,0.110068742418116,3.30206227254347,50.1,0.108768763842179,5.44931506849315,29.9,0.11011308043949,3.29238110514075,19.3,0.108354766448187,2.09124699245001,40.5,0.10870265914585,4.40245769540693,26.9,0.108377605230895,2.91535758071107
"118","MN","$35,000 - $49,999",28.2,0.157864941366761,4.45179134654266,54.5,0.157821343614142,8.60126322697072,26.5,0.158392814179164,4.19740957574785,19.7,0.157803036588401,3.1087198207915,40,0.159226430298147,6.36905721192587,25.4,0.158479771148345,4.02538618716796
"119","MN","$50,000 - $74,999",30.9,0.194904973716134,6.02256368782855,56.1,0.195143958658026,10.9475760807153,29.3,0.194161520571016,5.68893255273077,20.7,0.195387040570812,4.04451173981581,35.6,0.194278807413376,6.9163255439162,20.5,0.195422966898243,4.00617082141398
"120","MN","$75,000 or greater",36.9,0.401374848362313,14.8107319045693,61.1,0.40333032565007,24.6434828972193,23.2,0.400352875130323,9.2881867030235,26.8,0.404131751431179,10.8307309383556,32.2,0.402659145850121,12.9656244963739,16.1,0.404577033101757,6.51369023293829
"121","MO","$15,000 - $24,999",24.6,0.189738219895288,4.66756020942408,46.9,0.187766410912191,8.80624467178176,34.5,0.19118252987227,6.59579728059333,18.5,0.187258687258687,3.46428571428571,47.7,0.187408491947291,8.9393850658858,28.3,0.187592631801821,5.30887147999153
"122","MO","$25,000 - $34,999",25.1,0.13717277486911,3.44303664921466,45,0.137468030690537,6.18606138107417,32,0.139678615574784,4.46971569839308,15.4,0.136851136851137,2.10750750750751,44.3,0.136791466220456,6.0598619535662,26.3,0.136777471945797,3.59724751217447
"123","MO","$35,000 - $49,999",24.2,0.181151832460733,4.38387434554974,49.6,0.179454390451833,8.90093776641091,31.9,0.179439637412443,5.72412443345694,15.6,0.18018018018018,2.81081081081081,45.6,0.180506170257268,8.23108136373144,23.6,0.181240736819818,4.2772813889477
"124","MO","$50,000 - $74,999",35.1,0.183664921465969,6.4466387434555,49.6,0.186700767263427,9.26035805626598,31.8,0.184590028842192,5.86996291718171,22.6,0.186186186186186,4.20780780780781,45.7,0.186153524367287,8.50721606358502,20.7,0.184840143976286,3.82619098030913
"125","MO","$75,000 or greater",37.2,0.308272251308901,11.4677277486911,57.5,0.308610400682012,17.7450980392157,33.4,0.305109188298311,10.1906468891636,24,0.30952380952381,7.42857142857143,37.4,0.309140347207697,11.5618489855679,14,0.309549015456278,4.33368621638789
"126","MS","$15,000 - $24,999",23,0.293994230264883,6.76186729609232,36.7,0.291790040376851,10.7086944818304,40.1,0.296325254104769,11.8826426896013,13.5,0.290549688600054,3.92242079610073,52.4,0.292101740294511,15.3061311914324,37.3,0.290305157980016,10.8283823926546
"127","MS","$25,000 - $34,999",27,0.156307369525308,4.22029897718332,38,0.156662180349933,5.95316285329744,36.5,0.157414646859526,5.74563461037269,16.5,0.156783103168156,2.58692120227457,55.1,0.157161981258367,8.65962516733601,37.2,0.15527950310559,5.77639751552795
"128","MS","$35,000 - $49,999",30.4,0.159192237083661,4.8394440073433,43,0.158546433378196,6.81749663526245,35.8,0.158717748240813,5.68209538702111,22.6,0.158678581099377,3.58613593284593,48.8,0.159303882195448,7.77402945113788,25.4,0.159600324061572,4.05384823116392
"129","MS","$50,000 - $74,999",30.1,0.152897980592709,4.60222921584055,44.6,0.153162853297443,6.83106325706595,35.2,0.150377899400573,5.29330205890018,17.8,0.153804494990523,2.7377200108313,47.7,0.152074966532798,7.25397590361446,22.8,0.154469349176344,3.52190116122063
"130","MS","$75,000 or greater",33,0.237608182533438,7.84107002360346,46.6,0.239838492597577,11.1764737550471,30.5,0.237164451394318,7.23351576752671,18.2,0.24018413214189,4.3713512049824,47.2,0.239357429718875,11.2976706827309,20.1,0.240345665676479,4.83094788009722
"131","MT","$15,000 - $24,999",26.6,0.191684284707541,5.09880197322058,54.1,0.192546583850932,10.4167701863354,26.9,0.192874109263658,5.1883135391924,16.6,0.191346153846154,3.17634615384615,49.6,0.190284360189573,9.43810426540284,21.4,0.188864890808735,4.04170866330694
"132","MT","$25,000 - $34,999",27.4,0.145172656800564,3.97773079633545,60.1,0.144290492116579,8.6718585762064,24.9,0.145130641330166,3.61375296912114,20.2,0.144230769230769,2.91346153846154,40.3,0.14478672985782,5.83490521327014,21.9,0.144468442524598,3.1638588912887
"133","MT","$35,000 - $49,999",33.7,0.188865398167724,6.36476391825229,57.3,0.186813186813187,10.7043956043956,25.1,0.18978622327791,4.76363420427553,26,0.1875,4.875,42.3,0.189099526066351,7.99890995260663,21.4,0.187904967602592,4.02116630669546
"134","MT","$50,000 - $74,999",33.5,0.187690862109467,6.28764388066714,59.6,0.188007644529384,11.2052556139513,24.2,0.185510688836105,4.48935866983373,27.5,0.188221153846154,5.17608173076923,36.3,0.18696682464455,6.78689573459716,15,0.188144948404128,2.82217422606192
"135","MT","$75,000 or greater",41.3,0.286586798214705,11.8360347662673,68.2,0.288342092689919,19.6649307214525,19.8,0.286698337292162,5.6766270783848,33.6,0.288701923076923,9.70038461538461,32.5,0.288862559241706,9.38803317535545,12.2,0.290616750659947,3.54552435805136
"136","NC","$15,000 - $24,999",25.7,0.22965967996394,5.90225377507325,43,0.228854574786817,9.84074671583314,35.6,0.231718464351005,8.2491773308958,15.8,0.228041714947856,3.60305909617613,45.6,0.229560464586655,10.4679571851514,26.2,0.22561964327079,5.9112346536947
"137","NC","$25,000 - $34,999",25.5,0.124633761550597,3.17816091954023,45.3,0.124452638856879,5.63770454021664,37.3,0.123171846435101,4.59430987202925,16.8,0.123986095017381,2.082966396292,42.4,0.125256205875655,5.31086312912776,22.1,0.127403289321288,2.81561269400046
"138","NC","$35,000 - $49,999",30.7,0.158891142663962,4.87795807978364,49.5,0.158100944918184,7.8259967734501,30,0.159277879341865,4.77833638025594,21.5,0.158285052143685,3.40312862108922,46.4,0.157822819403325,7.32297882031428,24.3,0.157516794069956,3.82765809589993
"139","NC","$50,000 - $74,999",30.7,0.177146720757268,5.43840432724814,48.9,0.177690712145656,8.68907582392256,28.7,0.17573126142596,5.04348720292505,18.2,0.177983777520278,3.23930475086906,45.2,0.17695285811888,7.99826918697336,16.8,0.176511466296039,2.96539263377345
"140","NC","$75,000 or greater",39.8,0.309668695064233,12.3248140635565,58.3,0.310901129292464,18.1255358377506,23.6,0.310100548446069,7.31837294332724,28.2,0.3117033603708,8.79003476245655,37.3,0.310407652015486,11.5782054201776,12.5,0.312948807041927,3.91186008802409
"141","ND","$15,000 - $24,999",22.8,0.132246860806839,3.01522842639594,41.3,0.130858845841235,5.40447033324302,35,0.136435331230284,4.77523659305994,11.8,0.129624554672513,1.52956974513565,49.2,0.133404198777571,6.5634865798565,37.8,0.131853436747794,4.9840599090666
"142","ND","$25,000 - $34,999",25.7,0.106331819396206,2.7327277584825,39.8,0.106475209970198,4.23771335681387,34.7,0.10515247108307,3.64879074658255,13.5,0.106056453822965,1.43176212661003,44.4,0.106829657188414,4.74323677916556,29.1,0.106713024872961,3.10534902380316
"143","ND","$35,000 - $49,999",25.2,0.170985840235106,4.30884317392466,43.6,0.172311026821999,7.51276076943918,30.3,0.171135646687697,5.18541009463722,16.5,0.171553850369964,2.83063853110441,40.9,0.169811320754717,6.94528301886792,29.6,0.170633859320674,5.05076223589195
"144","ND","$50,000 - $74,999",27.4,0.194496393267433,5.32920117552765,48.7,0.195340016255757,9.51305879165538,30.7,0.191640378548896,5.8833596214511,18.8,0.195670046588106,3.6785968758564,37,0.193196917353176,7.1482859420675,23.4,0.195239368815191,4.56860123027547
"145","ND","$75,000 or greater",29.9,0.395939086294416,11.838578680203,53.1,0.39501490111081,20.975291248984,31.2,0.395636172450053,12.3438485804416,21.6,0.397095094546451,8.57725404220334,37.9,0.396757905926123,15.0371246346001,21.2,0.395560310243381,8.38587857715967
"146","NE","$15,000 - $24,999",29.3,0.174007444168734,5.09841811414392,46.3,0.174011564306923,8.05673542741053,34.5,0.176121221350796,6.07618213660245,18.3,0.173073893177879,3.16725224515519,42.2,0.174191063174114,7.35086286594761,27.1,0.171843296394568,4.65695333229281
"147","NE","$25,000 - $34,999",26,0.137251861042184,3.56854838709677,48.3,0.136505704016253,6.593225503985,36.5,0.135079570547476,4.93040432498287,17.4,0.136521191113912,2.37546872538207,43.4,0.136440677966102,5.92152542372881,28.9,0.136881535820197,3.95587638520368
"148","NE","$35,000 - $49,999",29.3,0.183235111662531,5.36878877171216,49.8,0.183153617752774,9.12105016408814,33.3,0.182288890580979,6.07022005634661,20,0.18299984244525,3.65999684890499,41.4,0.183359013867488,7.59106317411402,25.2,0.183393163727173,4.62150772592477
"149","NE","$50,000 - $74,999",33.2,0.196495037220844,6.52363523573201,50.4,0.197452726988592,9.95161744022504,33.1,0.196070966268179,6.48994898347674,23.3,0.197652434220892,4.60530171734678,42.3,0.196379044684129,8.30683359013867,23.7,0.197674418604651,4.68488372093023
"150","NE","$75,000 or greater",37.3,0.309010545905707,11.5260933622829,59.5,0.308876386935459,18.3781450226598,27.9,0.31043935125257,8.6612578999467,27.8,0.309752639042067,8.61112336536947,36.2,0.309630200308166,11.2086132511556,16.8,0.31020758545341,5.21148743561729
"151","NH","$15,000 - $24,999",21.7,0.144119503471492,3.12739322533137,44.3,0.142094017094017,6.29476495726496,29.7,0.143242122719735,4.25429104477612,12.8,0.141813493768801,1.81521272024065,39.7,0.141542964666527,5.61925569726113,25.1,0.141033822590938,3.53994894703255
"152","NH","$25,000 - $34,999",27.3,0.100778455712182,2.75125184094256,46.9,0.1,4.69,27.2,0.105928689883914,2.88126036484245,14.6,0.0999140524280189,1.45874516544908,36.4,0.101609868283504,3.69859920551955,19.7,0.0995532865347798,1.96119974473516
"153","NH","$35,000 - $49,999",30.3,0.153376814643383,4.64731748369451,59.1,0.152564102564103,9.01653846153846,29.9,0.154228855721393,4.61144278606965,21.3,0.152342071336485,3.24488611946713,29.7,0.154923688061886,4.60123353543801,17.7,0.154435226547543,2.73350350989151
"154","NH","$50,000 - $74,999",29,0.187670944666526,5.44245739532927,57.7,0.18974358974359,10.9482051282051,30.2,0.186359867330017,5.6280679933665,21,0.18972926514826,3.98431456811345,36.1,0.186702906125862,6.73997491114363,16,0.186981493299298,2.99170389278877
"155","NH","$75,000 or greater",38.2,0.414054281506417,15.8168735535451,64.2,0.415598290598291,26.6814102564103,22.8,0.410240464344942,9.35348258706468,29,0.416201117318436,12.0698324022346,29.9,0.41522057286222,12.4150951285804,12.6,0.417996171027441,5.26675175494576
"156","NJ","$15,000 - $24,999",23.9,0.158279732627065,3.78288560978686,39.6,0.158811475409836,6.28893442622951,31.5,0.158825743319533,5.0030109145653,16.2,0.157491560633602,2.55136328226435,41.3,0.156729559748428,6.47293081761006,29,0.155979643765903,4.5234096692112
"157","NJ","$25,000 - $34,999",25.4,0.0937066464875772,2.38014882078446,42.6,0.0925973360655738,3.94464651639344,32,0.094718354033371,3.03098732906787,14.1,0.0920540119449494,1.29796156842379,40.6,0.0933333333333333,3.78933333333333,27.4,0.0928753180661578,2.54478371501272
"158","NJ","$35,000 - $49,999",30,0.128767814352377,3.86303443057132,47.8,0.127689549180328,6.10356045081967,27,0.128465688119433,3.46857357922469,21.7,0.128408205660867,2.78645806284082,34.4,0.129056603773585,4.43954716981132,22.7,0.127989821882952,2.905368956743
"159","NJ","$50,000 - $74,999",32.4,0.159919283642326,5.18138479001135,49.4,0.159579918032787,7.88324795081967,26.4,0.157571195583992,4.15987956341739,20.9,0.159698779537782,3.33770449233965,33.6,0.158238993710692,5.31683018867925,24.6,0.15852417302799,3.89969465648855
"160","NJ","$75,000 or greater",38.1,0.459326522890655,17.5003405221339,55.6,0.461321721311475,25.649487704918,22.9,0.460419018943671,10.5435955338101,25.5,0.462347442222799,11.7898597766814,34.1,0.462641509433962,15.7760754716981,16.3,0.464631043256997,7.57348600508906
"161","NM","$15,000 - $24,999",29.3,0.245186988271742,7.18397875636203,49.2,0.245152663249387,12.0615110318698,33.5,0.246998284734134,8.27444253859348,17.9,0.243376740008981,4.35644364616075,44.9,0.246313009024873,11.0594541052168,22.7,0.245278826927349,5.56782937125083
"162","NM","$25,000 - $34,999",30.3,0.139411374197831,4.22416463819429,53.6,0.139068419879652,7.45406730554936,33.2,0.141080617495712,4.68387650085763,21.4,0.138751683879659,2.9692860350247,45.5,0.139995597622716,6.36979969183359,25.4,0.137524994445679,3.49313485892024
"163","NM","$35,000 - $49,999",33.2,0.162425315335251,5.39252046913034,55.6,0.162469355917094,9.03329618899042,26.6,0.163807890222985,4.35728987993139,23.5,0.163224068253255,3.8357656039515,40.9,0.161787365177196,6.6171032357473,19.1,0.1621861808487,3.09775605421018
"164","NM","$50,000 - $74,999",35.7,0.175038725381722,6.24888249612746,63.9,0.17584131936706,11.2362603075552,31.3,0.172598627787307,5.40233704974271,27.5,0.176021553659632,4.84059272563987,38,0.174334140435835,6.62469733656174,15.6,0.175960897578316,2.74499000222173
"165","NM","$75,000 or greater",40.8,0.277937596813454,11.3398539499889,63.5,0.277468241586806,17.6192333407622,22.8,0.275514579759863,6.28173241852487,29.9,0.278625954198473,8.33091603053435,38.9,0.277569887739379,10.7974686330619,16.1,0.279049100199956,4.49269051321928
"166","NV","$15,000 - $24,999",26.3,0.186274509803922,4.89901960784314,43,0.184815184815185,7.94705294705295,25.7,0.183891314895682,4.72600679281902,18.6,0.184475806451613,3.43125,33.7,0.183693516699411,6.19047151277014,24.8,0.182817182817183,4.53386613386613
"167","NV","$25,000 - $34,999",35.4,0.122549019607843,4.33823529411765,58.2,0.121378621378621,7.06423576423576,31.9,0.122755943716642,3.91591460456089,30.6,0.120463709677419,3.68618951612903,40.3,0.119842829076621,4.82966601178782,21.8,0.12037962037962,2.62427572427572
"168","NV","$35,000 - $49,999",31,0.145098039215686,4.49803921568627,46.4,0.145854145854146,6.76763236763237,28.7,0.145075206210577,4.16365841824357,19.6,0.145161290322581,2.84516129032258,37.4,0.148821218074656,5.56591355599214,16.2,0.145854145854146,2.36283716283716
"169","NV","$50,000 - $74,999",40.9,0.19656862745098,8.0396568627451,56.7,0.198301698301698,11.2437062937063,30,0.196991751576904,5.90975254730713,27.4,0.198588709677419,5.44133064516129,40.5,0.194990176817289,7.8971021611002,16.1,0.196303696303696,3.16048951048951
"170","NV","$75,000 or greater",43.9,0.349509803921569,15.3434803921569,60.3,0.34965034965035,21.0839160839161,25,0.351285783600194,8.78214459000485,31.1,0.351310483870968,10.9257560483871,34.8,0.352652259332024,12.2722986247544,11.7,0.354645354645355,4.14935064935065
"171","NY","$15,000 - $24,999",25.6,0.177708308284237,4.54933269207647,41.8,0.176000982559568,7.35684107098993,28.7,0.184009137635637,5.28106225014278,15.7,0.175534559920438,2.75589259075087,43.7,0.181174805378627,7.917338995046,28.4,0.178062507484134,5.05697521254939
"172","NY","$25,000 - $34,999",25.4,0.107490681736203,2.73026331609956,42.6,0.106484893146647,4.53625644804716,26.4,0.109308966304969,2.88575671045117,14.9,0.106539035305818,1.58743162605669,37,0.106982778957301,3.95836282142015,24.8,0.10693330140103,2.65194587474554
"173","NY","$35,000 - $49,999",30,0.131537814115667,3.94613442347,45.6,0.130557602554655,5.95342667649226,25,0.132381496287836,3.30953740719589,20.4,0.130159124813526,2.65524614619592,39.4,0.130455296060392,5.13993866477943,22.3,0.130643036762064,2.91333971979404
"174","NY","$50,000 - $74,999",32.3,0.170133461584706,5.495310809186,50.5,0.171088184721199,8.63995332842054,25.4,0.168018275271274,4.26766419189035,22.4,0.170810542018896,3.82615614122327,37.6,0.168907761264449,6.35093182354329,19.6,0.169919770087415,3.33042749371333
"175","NY","$75,000 or greater",37.2,0.413129734279187,15.3684261151858,54.3,0.415868337017932,22.5816507000737,21.5,0.406282124500286,8.73506567675614,26.1,0.416956737941323,10.8825708602685,33.2,0.412479358339231,13.6943146968625,15.3,0.414441384265357,6.34095317925997
"176","OH","$15,000 - $24,999",23.5,0.214231451000253,5.03443909850595,43.4,0.212506420133539,9.22277863379558,32.8,0.218545499444376,7.16829238177553,14,0.211952294529427,2.96733212341198,48.9,0.212803643724696,10.4060981781377,34.2,0.209843227961964,7.17663839629915
"177","OH","$25,000 - $34,999",29.4,0.137756394023803,4.05003798429982,48.1,0.136877247046739,6.58379558294812,31.9,0.138782565748858,4.42716384738857,19.4,0.136505055742805,2.64819808141042,45.8,0.135627530364372,6.21174089068826,25.7,0.136854279105628,3.51715497301465
"178","OH","$35,000 - $49,999",27.4,0.169156748543935,4.63489491010382,49.1,0.1685927067283,8.27790190035953,32.5,0.168662797876281,5.48154093097913,17.5,0.168654394607208,2.95145190562613,46.6,0.168395748987854,7.84724190283401,25,0.168208686712927,4.20521716782318
"179","OH","$50,000 - $74,999",31.1,0.175487465181058,5.45766016713092,54.1,0.176938880328711,9.57239342578326,32.3,0.173478207186072,5.60334609211014,20.7,0.177339901477833,3.67093596059113,40.7,0.176998987854251,7.20385880566802,22.8,0.178103315343099,4.06075558982267
"180","OH","$75,000 or greater",36.3,0.30336794125095,11.0122562674095,56.9,0.305084745762712,17.3593220338983,25.1,0.300530929744413,7.54332633658476,24.3,0.305548353642728,7.42482499351828,36.5,0.306174089068826,11.1753542510121,15.3,0.306990490876381,4.69695451040864
"181","OK","$15,000 - $24,999",18.2,0.219991546914624,4.00384615384615,44.7,0.219012718258245,9.78986850614357,38.1,0.22115785089546,8.42611411911703,11.9,0.218607677293429,2.6014313597918,53.6,0.219625184249316,11.7719098757633,29.9,0.21546723952739,6.44247046186896
"182","OK","$25,000 - $34,999",28.1,0.139687235841082,3.9252113271344,40.9,0.140547531795646,5.74839405044191,31.9,0.143065389421075,4.56378592253228,14,0.140316634135762,1.96443287790067,52.2,0.139397767951148,7.27656348704991,31,0.139419978517723,4.32201933404941
"183","OK","$35,000 - $49,999",23.3,0.183220625528318,4.26904057480981,49.1,0.184738090105626,9.07064022418625,38.7,0.181174510620575,7.01145356101624,15.3,0.183908045977011,2.81379310344828,49.7,0.183407033059591,9.1153295430617,26.1,0.184747583243824,4.8219119226638
"184","OK","$50,000 - $74,999",29.8,0.173922231614539,5.18288250211327,52.1,0.172450959258461,8.98469497736581,33.6,0.172219908371512,5.7865889212828,20,0.173064411190631,3.46128822381262,47.8,0.173299642029901,8.28372288902927,20.7,0.172717508055854,3.57525241675618
"185","OK","$75,000 or greater",34.6,0.283178360101437,9.79797125950972,55.6,0.283250700582022,15.7487389523604,30.8,0.282382340691379,8.69737609329446,24.6,0.284103231403166,6.98893949251789,45.2,0.284270372710044,12.849020846494,15.4,0.287647690655209,4.42977443609023
"186","OR","$15,000 - $24,999",25.6,0.176764869371873,4.52518065591996,55.8,0.176136363636364,9.82840909090909,33.9,0.179315873864244,6.07880812399786,17.1,0.174964028776978,2.99188489208633,42.6,0.176048565121413,7.49966887417219,21,0.17250070008401,3.62251470176421
"187","OR","$25,000 - $34,999",25.4,0.120344635908838,3.05675375208449,55.8,0.118465909090909,6.61039772727273,34.6,0.121592731159808,4.20710849812934,18.9,0.117410071942446,2.21905035971223,38.4,0.120309050772627,4.61986754966887,15.7,0.120134416129936,1.88611033323999
"188","OR","$35,000 - $49,999",28.3,0.170928293496387,4.83727070594775,59.4,0.169602272727273,10.074375,32.4,0.167022982362373,5.41154462854089,21,0.170935251798561,3.58964028776978,34.9,0.166390728476821,5.80703642384106,16.6,0.169420330439653,2.81237748529824
"189","OR","$50,000 - $74,999",33.9,0.177320733740967,6.01117287381879,62.3,0.177556818181818,11.0617897727273,30.5,0.175574559059327,5.35502405130946,23.4,0.177841726618705,4.1614964028777,35.7,0.178807947019868,6.38344370860927,12.5,0.177821338560627,2.22276673200784
"190","OR","$75,000 or greater",38.4,0.354641467481934,13.6182323513063,70,0.358238636363636,25.0767045454545,25.7,0.356493853554249,9.1618920363442,30.3,0.358848920863309,10.8731223021583,30.9,0.358443708609272,11.0759105960265,10,0.360123214785774,3.60123214785774
"191","PA","$15,000 - $24,999",23.6,0.162935323383085,3.8452736318408,46,0.162509448223734,7.47543461829176,36.2,0.170501332041657,6.17214821990797,17.1,0.16239533113423,2.77696016239533,41.8,0.161530815109344,6.75198807157058,34.2,0.160709822544364,5.49627593101725
"192","PA","$25,000 - $34,999",24.8,0.126865671641791,3.14626865671642,48.2,0.125472411186697,6.04777021919879,33.2,0.125211915718092,4.15703560184064,15.6,0.126110124333925,1.96731793960924,35.2,0.12375745526839,4.35626242544732,27.2,0.125718570357411,3.41954511372157
"193","PA","$35,000 - $49,999",31.2,0.16318407960199,5.09134328358209,51.8,0.164525069286974,8.52239858906526,33.6,0.163962218454832,5.50913054008234,21.1,0.163410301953819,3.44795737122558,37,0.16351888667992,6.05019880715706,22,0.162709322669333,3.57960509872532
"194","PA","$50,000 - $74,999",31.6,0.192537313432836,6.08417910447761,44.4,0.192491811539431,8.54663643235072,33.2,0.188181157665294,6.24761443448777,20.3,0.192336970312104,3.9044404973357,42.9,0.193091451292247,8.28362326043738,21.9,0.192701824543864,4.22016995751062
"195","PA","$75,000 or greater",35.5,0.354477611940299,12.5839552238806,55.8,0.355001259763165,19.8090702947846,24.5,0.352143376120126,8.62751271494309,22.8,0.355747272265922,8.11103780766303,34,0.358101391650099,12.1754473161034,17.7,0.358160459885029,6.33944013996501
"196","RI","$15,000 - $24,999",21.1,0.159691912708601,3.36949935815148,39.2,0.158114092211513,6.19807241469133,29.1,0.162807701681696,4.73770411893736,14.6,0.157867086945101,2.30485946939848,41.3,0.160172064777328,6.61510627530364,30.4,0.157486423584174,4.78758727695888
"197","RI","$25,000 - $34,999",23,0.110654685494223,2.54505776636714,39.7,0.110966397499349,4.40536598072415,33.8,0.114794053131855,3.88003899585669,14.3,0.110848437089572,1.58513265038088,42.1,0.112095141700405,4.71920546558704,29,0.109387121799845,3.1722265321955
"198","RI","$35,000 - $49,999",28.8,0.145314505776637,4.18505776636714,49.5,0.147173743162282,7.28510028653295,26.7,0.145259566171094,3.87843041676822,17.4,0.146309429997373,2.54578408195429,39.3,0.145242914979757,5.70804655870445,24.1,0.145073700543057,3.49627618308766
"199","RI","$50,000 - $74,999",27.1,0.176893453145058,4.79381258023107,53.4,0.176348007293566,9.41698358947643,28.3,0.173775286375823,4.91784060443578,17.4,0.176516942474389,3.07139479905437,35.8,0.175607287449393,6.28674089068826,23.8,0.178174295319369,4.24054822860098
"200","RI","$75,000 or greater",35.5,0.407445442875481,14.4643132220796,58.4,0.40739775983329,23.7920291742641,23,0.403363392639532,9.27735803070924,26.2,0.408458103493564,10.7016023115314,31.4,0.406882591093117,12.7761133603239,12.5,0.409878458753556,5.12348073441945
"201","SC","$15,000 - $24,999",23.3,0.212140823194408,4.94288118042972,43,0.212335958005249,9.13044619422572,34.1,0.219186705275085,7.4742666498804,14.8,0.211278792692613,3.12692613185068,49.9,0.210164657072475,10.4872163879165,32.1,0.211583924349882,6.79184397163121
"202","SC","$25,000 - $34,999",30,0.132798343256536,3.98395029769609,47.7,0.132939632545932,6.34122047244094,32.5,0.132821352133954,4.31669394435352,21.3,0.132512576118613,2.82251787132645,48.8,0.132633216647219,6.47250097238429,29.8,0.130286314683478,3.88253217756764
"203","SC","$35,000 - $49,999",27.5,0.177970489257054,4.89418845456899,50.1,0.177165354330709,8.8759842519685,33,0.176885307818205,5.83721515800076,16.2,0.177257082340482,2.87156473391581,51.4,0.177492545053805,9.12311681576559,24.3,0.178224323614395,4.33085106382979
"204","SC","$50,000 - $74,999",31.9,0.174475796013461,5.56577789282941,52.1,0.173884514435696,9.05938320209974,32.1,0.171849427168576,5.51636661211129,21,0.173815197246492,3.65011914217633,46.9,0.175288474004927,8.22102943083106,19,0.175728920409771,3.33884948778566
"205","SC","$75,000 or greater",37.8,0.30261454827854,11.4388299249288,61.7,0.303674540682415,18.736719160105,28.2,0.29925720760418,8.43905325443787,27.7,0.3051363516018,8.45227693936987,41.1,0.304421107221574,12.5117075068067,14.4,0.304176516942474,4.38014184397163
"206","SD","$15,000 - $24,999",21.5,0.15814043960319,3.40001945146859,53,0.157770336813079,8.36182785109317,32.3,0.157925636007828,5.10099804305284,15.3,0.157519318406974,2.41004557162671,46.3,0.157966233262177,7.31383660003881,35.2,0.155260070394994,5.46515447790379
"207","SD","$25,000 - $34,999",26.8,0.12935226609609,3.46664073137522,51,0.126452629505614,6.44908410478629,34.8,0.129158512720157,4.49471624266145,18.8,0.12660986724787,2.38026550425996,50.6,0.128080729672036,6.48088492140501,29.3,0.128470864294095,3.76419632381697
"208","SD","$35,000 - $49,999",33,0.183816378136549,6.06594047850613,55.1,0.183572976167028,10.1148709868032,33.4,0.182583170254403,6.09827788649706,21.3,0.183871606895185,3.91646522686745,41.2,0.182806132350087,7.5316126528236,20.1,0.183809151349237,3.69456394211967
"209","SD","$50,000 - $74,999",28,0.208908772612332,5.8494456331453,51.7,0.210951349221981,10.9061847547764,32.6,0.208610567514677,6.80070450097847,18.6,0.210422032890826,3.91384981176937,44.2,0.210362895400737,9.29803997671259,24.8,0.210402815799765,5.21798983183418
"210","SD","$75,000 or greater",32.1,0.319782143551838,10.265006808014,59.9,0.321252708292299,19.2430372267087,28.4,0.321722113502935,9.13690802348337,23.5,0.321577174559144,7.55706360213988,38.8,0.320784009314962,12.4464195614205,21.5,0.322057098161908,6.92422761048103
"211","TN","$15,000 - $24,999",24,0.238733905579399,5.72961373390558,38.8,0.237534246575342,9.21632876712329,35.2,0.240807871569135,8.47643707923356,13.3,0.237593568062101,3.15999445522595,44.7,0.236021505376344,10.5501612903226,30.7,0.235727943184922,7.23684785577711
"212","TN","$25,000 - $34,999",23.7,0.13975321888412,3.31215128755365,43.5,0.140821917808219,6.12575342465753,35.4,0.144225789746245,5.10559295701709,13.3,0.140282783476573,1.86576102023843,51.1,0.141397849462366,7.22543010752688,22.3,0.138213602840754,3.08216334334881
"213","TN","$35,000 - $49,999",29.1,0.170600858369099,4.96448497854077,48.9,0.170684931506849,8.34649315068493,33.4,0.170378042465044,5.69062661833247,19.5,0.170501802051566,3.32478514000554,39.1,0.169623655913978,6.63228494623656,17.7,0.169625785304562,3.00237639989074
"214","TN","$50,000 - $74,999",28.1,0.171137339055794,4.80895922746781,46.6,0.16958904109589,7.90284931506849,37.2,0.174003107198343,6.47291558777835,20,0.169392847241475,3.3878569448295,44.9,0.173387096774194,7.78508064516129,15.9,0.173176727670036,2.75350996995356
"215","TN","$75,000 or greater",36.7,0.279774678111588,10.2677306866953,54.5,0.281369863013699,15.3346575342466,32.4,0.270585189021233,8.76696012428793,24.9,0.282228999168284,7.02750207929027,43.2,0.279569892473118,12.0774193548387,14.2,0.283255940999727,4.02223436219612
"216","TX","$15,000 - $24,999",21,0.206811609724751,4.34304380421977,37.8,0.206817935077625,7.81771794593421,36,0.209425147267926,7.53930530164534,12.4,0.206650570676032,2.56246707638279,42.4,0.207060564422366,8.7793679315083,23.4,0.20226904376013,4.73309562398703
"217","TX","$25,000 - $34,999",29.2,0.125307914747778,3.65899111063511,44,0.125827814569536,5.5364238410596,35.7,0.12725980093439,4.54317489335771,19.2,0.125,2.4,44.6,0.124933939329881,5.57205369411267,19.2,0.124257158292815,2.38573743922204
"218","TX","$35,000 - $49,999",32.1,0.154760629752597,4.96781621505837,50.1,0.156226251221366,7.82693518619043,32.3,0.154478976234004,4.98967093235832,23.9,0.156057945566286,3.72978489903424,40.4,0.155374696120917,6.27713772328506,15.4,0.156888168557536,2.41607779578606
"219","TX","$50,000 - $74,999",30.4,0.167934025918389,5.10519438791903,47,0.166214308978395,7.81207252198458,29.9,0.166057282145034,4.9651127361365,20.4,0.167142230026339,3.40970149253731,42.7,0.166789979917556,7.12193214247965,20,0.167693138843868,3.35386277687736
"220","TX","$75,000 or greater",37.5,0.345185819856485,12.9444682446182,52.7,0.344913690153078,18.1769514710672,28.3,0.342778793418647,9.70063985374771,25.3,0.345149253731343,8.73227611940299,39.3,0.34584082020928,13.5915442342247,15.7,0.348892490545651,5.47761210156672
"221","UT","$15,000 - $24,999",26.8,0.131170999284522,3.51538278082519,46.3,0.130808325266215,6.05642545982575,26,0.131031220435194,3.40681173131504,17.9,0.129564049334473,2.31919648308707,43.4,0.132431470274119,5.74752580989676,24.1,0.131263485974586,3.16345001198753
"222","UT","$25,000 - $34,999",31.6,0.0948008585738135,2.99570713093251,52,0.0939012584704743,4.88286544046467,28.5,0.0948438978240303,2.70305108798486,21.3,0.0940285749175724,2.00280864574429,41.2,0.0944582888335113,3.89168149994067,24.5,0.0938623831215536,2.29962838647806
"223","UT","$35,000 - $49,999",31.4,0.158239923682328,4.96873360362509,53,0.158518877057115,8.40150048402711,27.4,0.157166508987701,4.30636234626301,21.2,0.158138966906826,3.35254609842472,37.7,0.157707369170523,5.94556781772873,21.2,0.157995684488132,3.34950851114841
"224","UT","$50,000 - $74,999",35.3,0.206057715239685,7.27383734796089,57.8,0.205227492739593,11.8621490803485,24.9,0.204351939451277,5.0883632923368,26.5,0.205763829527415,5.45274148247649,36.3,0.204936513587279,7.43919544321823,19.2,0.205106689043395,3.93804842963318
"225","UT","$75,000 or greater",40,0.409730503219652,16.3892201287861,62.5,0.411544046466602,25.7215029041626,21.9,0.412606433301798,9.03608088930937,30,0.412504579313714,12.3751373794114,32.5,0.410466358134567,13.3401566393734,13.4,0.411771757372333,5.51774154878926
"226","VA","$15,000 - $24,999",25.5,0.152678994784258,3.89331436699858,40.3,0.15176983998707,6.11632455147891,34,0.158108319026065,5.37568284688622,15.2,0.150586701434159,2.28891786179922,47.8,0.151721948897,7.25230915727662,31.2,0.148231511254019,4.6248231511254
"227","VA","$25,000 - $34,999",28.6,0.110636952742216,3.16421684842737,44.4,0.109907871343139,4.87990948763536,29.2,0.10941158108319,3.19481816762916,17.8,0.110006518904824,1.95811603650587,40.8,0.109030312648786,4.44843675607046,25.1,0.109967845659164,2.76019292604502
"228","VA","$35,000 - $49,999",31.9,0.142721669037459,4.55282124229493,50,0.14239534507839,7.11976725391951,32.4,0.142968628063056,4.63218354924302,22.3,0.142601043024772,3.18000325945241,42.3,0.142199650849072,6.01504523091573,20.9,0.142926045016077,2.98715434083601
"229","VA","$50,000 - $74,999",34.6,0.174806385332701,6.04830093251146,50,0.174559560368515,8.72797801842573,30.8,0.173091930700796,5.33123146558452,23.9,0.175358539765319,4.19106910039113,35.8,0.175527694016823,6.28389144580225,18.9,0.17508038585209,3.3090192926045
"230","VA","$75,000 or greater",37.1,0.419155998103367,15.5506875296349,59.2,0.421367383222887,24.9449490867949,25.2,0.416419541126892,10.4937724363977,27.2,0.421447196870926,11.4633637548892,36.2,0.421520393588319,15.2590382478972,15.1,0.423794212218649,6.39929260450161
"231","VT","$15,000 - $24,999",20.6,0.149647887323944,3.08274647887324,45.9,0.150089206066012,6.88909455842997,30.9,0.153616385747813,4.74674631960742,13.6,0.149041713641488,2.02696730552424,38,0.15033673691071,5.71279600260699,25.8,0.150065818341378,3.87169811320755
"232","VT","$25,000 - $34,999",24.5,0.11993838028169,2.93849031690141,52.9,0.120651204281891,6.38244870651204,30.6,0.119266055045872,3.64954128440367,15.7,0.119729425028185,1.8797519729425,37.6,0.119704540517054,4.50089072344123,18.6,0.121105748135147,2.25256691531373
"233","VT","$35,000 - $49,999",30.5,0.172975352112676,5.27574823943662,58.2,0.171944692239072,10.007181088314,27.8,0.171324941327075,4.76283336889268,22.5,0.172491544532131,3.88105975197294,32,0.172496198131653,5.5198783402129,19.2,0.172444054409829,3.31092584466871
"234","VT","$50,000 - $74,999",31,0.20862676056338,6.46742957746479,63.9,0.20807314897413,13.2958742194469,27.8,0.206742052485598,5.74742905909964,25,0.207666290868095,5.19165727170237,32.8,0.209428633499891,6.86925917879644,14.6,0.208424747696358,3.04300131636683
"235","VT","$75,000 or greater",37.7,0.34881161971831,13.1501980633803,66.8,0.349241748438894,23.3293487957181,20.2,0.349050565393642,7.05082142095157,29.4,0.351071025930101,10.321488162345,28.8,0.348033890940691,10.0233760590919,9.3,0.347959631417288,3.23602457218078
"236","WA","$15,000 - $24,999",28.9,0.133402633402633,3.85533610533611,52.2,0.132486548469613,6.91579783011379,29.6,0.134040168950952,3.96758900094819,19.1,0.131976537504444,2.52075186633487,39.9,0.132297063903282,5.27865284974093,23.1,0.131289308176101,3.03278301886792
"237","WA","$25,000 - $34,999",26.8,0.104989604989605,2.81372141372141,51.1,0.104877833642057,5.35925729910911,31.4,0.104732350659426,3.28859581070597,15.9,0.104337006754355,1.65895840739424,36.6,0.104922279792746,3.84015544041451,18.8,0.105171208944794,1.97721872816212
"238","WA","$35,000 - $49,999",28,0.159390159390159,4.46292446292446,55.6,0.159742436270618,8.88167945664638,29.8,0.162054995259029,4.82923885871908,20.4,0.159438322076075,3.25254177035194,39.7,0.160189982728843,6.35954231433506,19,0.159853249475891,3.03721174004193
"239","WA","$50,000 - $74,999",33.5,0.192567567567568,6.45101351351351,60,0.193261003792891,11.5956602275734,27.4,0.192655805534006,5.27876907163176,24.1,0.193565588339851,4.6649306789904,35.9,0.191796200345423,6.88548359240069,14.2,0.192348008385744,2.73134171907757
"240","WA","$75,000 or greater",35.8,0.409650034650035,14.6654712404712,65.4,0.409632177824821,26.7899444297433,23,0.406516679596586,9.34988363072149,26.8,0.410682545325275,11.0062922147174,32.6,0.410794473229706,13.3918998272884,11.4,0.41133822501747,4.68925576519916
"241","WI","$15,000 - $24,999",27.5,0.166928427193179,4.59053174781243,47.5,0.166440831074977,7.90593947606143,38.4,0.172210526315789,6.61288421052632,17.2,0.164654976087452,2.83206558870417,41.3,0.168349429323968,6.95283143107989,31.1,0.166777555999113,5.18678199157241
"242","WI","$25,000 - $34,999",26.7,0.131254206865605,3.50448732331164,48.6,0.130984643179765,6.36585365853659,30.1,0.128842105263158,3.87814736842105,19.6,0.130721931222956,2.56214985196994,40.8,0.130377524143986,5.31940298507463,26.2,0.132623641605678,3.47473941006875
"243","WI","$35,000 - $49,999",26,0.173210679829482,4.50347767556652,60.5,0.173215898825655,10.4795618789521,33.6,0.173263157894737,5.82164210526316,19.2,0.173536779776816,3.33190617171487,38.2,0.173178226514486,6.61540825285338,22.4,0.172987358616101,3.87491683300066
"244","WI","$50,000 - $74,999",26,0.203724478348665,5.29683643706529,56.5,0.203026196928636,11.4709801264679,28.2,0.202526315789474,5.71124210526316,18.3,0.204053746299248,3.73418355727625,39.4,0.202151009657594,7.96474978050922,21,0.203149257041473,4.26613439787092
"245","WI","$75,000 or greater",32.3,0.324882207763069,10.4936953107471,62.2,0.326332429990967,20.2978771454381,28.5,0.323157894736842,9.21,23.4,0.327032566613528,7.65256205875655,34.1,0.325943810359965,11.1146839332748,19.6,0.324462186737636,6.35945886005766
"246","WV","$15,000 - $24,999",16.9,0.218831507563902,3.69825247782994,42.4,0.216165913320925,9.16543472480723,38.9,0.219105583487695,8.52320719767134,10.4,0.215223800589654,2.2383275261324,52.6,0.216880341880342,11.407905982906,32.4,0.214648489708634,6.95461106655974
"247","WV","$25,000 - $34,999",20,0.140062597809077,2.80125195618153,49.9,0.140122307896836,6.99210316405211,41,0.139190261974067,5.70680074093676,13.1,0.140176896274457,1.83631734119539,46.7,0.139423076923077,6.51105769230769,21.9,0.140336808340016,3.07337610264635
"248","WV","$35,000 - $49,999",24.7,0.187793427230047,4.63849765258216,47.9,0.188779579898963,9.04254187716033,33.2,0.190791214607039,6.33426832495369,15.8,0.189225408737604,2.98976145805414,51.5,0.189102564102564,9.73878205128205,23.2,0.187383052659717,4.34728682170543
"249","WV","$50,000 - $74,999",18.5,0.180229525299948,3.33424621804904,50,0.179739431002393,8.98697155011965,39.4,0.180206403810532,7.10013231013496,11.8,0.179844545698204,2.12216563923881,45.7,0.181356837606838,8.28800747863248,21,0.181234963913392,3.80593424218123
"250","WV","$75,000 or greater",32.4,0.273082942097027,8.84788732394366,55.2,0.275192767880883,15.1906407870247,33.9,0.270706536120667,9.17695157449061,22.9,0.27552934870008,6.30962208523184,42.7,0.273237179487179,11.6672275641026,18,0.276396685378241,4.97514033680834
"251","WY","$15,000 - $24,999",27.3,0.171651495448635,4.68608582574772,49.8,0.167813658020116,8.3571201694018,35.9,0.173723376956633,6.23666923274314,19.5,0.168539325842697,3.28651685393258,45.1,0.169791666666667,7.65760416666667,25.9,0.168164992067689,4.35547329455315
"252","WY","$25,000 - $34,999",34.3,0.120416124837451,4.13027308192458,53.9,0.120698782424563,6.50566437268396,31.3,0.123171670515781,3.85527328714396,26.1,0.119850187265918,3.12808988764045,48.5,0.12109375,5.873046875,26.6,0.120306716023268,3.20015864621893
"253","WY","$35,000 - $49,999",34.1,0.172431729518856,5.87992197659298,53.8,0.172578083642139,9.28470089994706,30.1,0.168847831665384,5.08231973312805,24,0.171482075976458,4.11556982343499,41.4,0.172135416666667,7.12640625,17.9,0.173188789000529,3.10007932310947
"254","WY","$50,000 - $74,999",30.5,0.194018205461639,5.91755526657997,55.9,0.194547379565908,10.8751985177343,28.6,0.192968950474724,5.51891198357711,23.2,0.195291599785982,4.53076511503478,42.6,0.193489583333333,8.24265625,19.7,0.194341618191433,3.82852987837123
"255","WY","$75,000 or greater",34.7,0.34148244473342,11.8494408322497,56.5,0.344362096347274,19.456458443621,25.2,0.341288170387478,8.60046189376443,24.7,0.344836811128946,8.51746923488496,39.4,0.343489583333333,13.5334895833333,17.3,0.343997884717081,5.9511634056055
